ID,VARIABLE_MAPPING_ID,VARIABLE_ID,IS_SOURCE,VALID_FROM,VALID_TO
884,DPM_mi290,EBA_mi290,true,2019-05-01 00:00:00,9999-12-31 00:00:00
885,DPM_mi291,EBA_mi291,true,2019-05-01 00:00:00,9999-12-31 00:00:00
886,DPM_mi291,ASST_SPCFC_VL,false,2019-05-01 00:00:00,9999-12-31 00:00:00
887,DPM_bi327,EBA_bi327,true,2019-05-01 00:00:00,9999-12-31 00:00:00
888,DPM_ei328,EBA_ei328,true,2019-05-01 00:00:00,9999-12-31 00:00:00
889,DPM_ei328,PRMRY_ASST_CLSS_CVR_PL,false,2019-05-01 00:00:00,9999-12-31 00:00:00
890,DPM_si294,EBA_si294,true,2019-05-01 00:00:00,9999-12-31 00:00:00
891,DPM_si293,EBA_si293,true,2019-05-01 00:00:00,9999-12-31 00:00:00
892,DPM_mi295,EBA_mi295,true,2019-05-01 00:00:00,9999-12-31 00:00:00
893,DPM_mi297,EBA_mi297,true,2019-05-01 00:00:00,9999-12-31 00:00:00
894,DPM_mi292,EBA_mi292,true,2019-05-01 00:00:00,9999-12-31 00:00:00
895,DPM_mi292,EXCSS_CVRG_ASST_SPCFC_VL,false,2019-05-01 00:00:00,9999-12-31 00:00:00
896,DPM_CBC,EBA_CBC,true,2019-05-01 00:00:00,9999-12-31 00:00:00
897,DPM_CBC,CVRD_BND_PRGRM_ID,false,2019-05-01 00:00:00,9999-12-31 00:00:00
898,DPM_BAS_MCY,EBA_BAS,true,1999-01-01 00:00:00,9999-12-31 00:00:00
899,DPM_BAS_MCY,EBA_MCY,true,1999-01-01 00:00:00,9999-12-31 00:00:00
900,DPM_BAS_MCY,TYP_ACCNTNG_ITM,false,1999-01-01 00:00:00,9999-12-31 00:00:00
901,DPM_BAS_MCY,TYP_INSTRMNT,false,1999-01-01 00:00:00,9999-12-31 00:00:00
902,DPM_BAS_MCY,NGTBL_SCRTY_INDCTR,false,1999-01-01 00:00:00,9999-12-31 00:00:00
903,DPM_MCV_F_16.08,EBA_MCV,true,1999-01-01 00:00:00,9999-12-31 00:00:00
904,DPM_BAS_ALO_IMS_APL,EBA_BAS,true,1999-01-01 00:00:00,9999-12-31 00:00:00
905,DPM_BAS_ALO_IMS_APL,EBA_APL,true,1999-01-01 00:00:00,9999-12-31 00:00:00
906,DPM_BAS_ALO_IMS_APL,EBA_IMS,true,1999-01-01 00:00:00,9999-12-31 00:00:00
907,DPM_BAS_ALO_IMS_APL,EBA_ALO,true,1999-01-01 00:00:00,9999-12-31 00:00:00
908,DPM_BAS_ALO_IMS_APL,ACCNTNG_CLSSFCTN,false,1999-01-01 00:00:00,9999-12-31 00:00:00
909,DPM_BAS_ALO_IMS_APL,TYP_ACCNTNG_ITM,false,1999-01-01 00:00:00,9999-12-31 00:00:00
910,DPM_BAS_ALO_IMS_APL,IMPRMNT_STTS,false,1999-01-01 00:00:00,9999-12-31 00:00:00
911,DPM_BAS_ALO_IMS_APL,HLD_SL_INDCTR,false,1999-01-01 00:00:00,9999-12-31 00:00:00
912,DPM_BAS_ALO_IMS_APL,SBJCT_IMPRMNT_INDCTR,false,1999-01-01 00:00:00,9999-12-31 00:00:00
913,DPM_CPS_CPZ_MCY_TMA,EBA_MCY,true,1999-01-01 00:00:00,9999-12-31 00:00:00
914,DPM_CPS_CPZ_MCY_TMA,EBA_CPS,true,1999-01-01 00:00:00,9999-12-31 00:00:00
915,DPM_CPS_CPZ_MCY_TMA,EBA_CPZ,true,1999-01-01 00:00:00,9999-12-31 00:00:00
916,DPM_CPS_CPZ_MCY_TMA,EBA_TMA,true,1999-01-01 00:00:00,9999-12-31 00:00:00
917,DPM_CPS_CPZ_MCY_TMA,ENTRPRS_SZ,false,1999-01-01 00:00:00,9999-12-31 00:00:00
918,DPM_CPS_CPZ_MCY_TMA,INSTTTNL_SCTR,false,1999-01-01 00:00:00,9999-12-31 00:00:00
919,DPM_CPS_CPZ_MCY_TMA,MLTLTRL_DVLPMNT_BNK_INDCTR,false,1999-01-01 00:00:00,9999-12-31 00:00:00
920,DPM_CPS_CPZ_MCY_TMA,PRTY_RL_TYP,false,1999-01-01 00:00:00,9999-12-31 00:00:00
921,DPM_CPS_CPZ_MCY_TMA,MN_DBTR_INDCTR,false,1999-01-01 00:00:00,9999-12-31 00:00:00
922,DPM_CPS_CPZ_MCY_TMA,TYP_INSTRMNT,false,1999-01-01 00:00:00,9999-12-31 00:00:00
923,DPM_CPS_CPZ_MCY_TMA,NGTBL_SCRTY_INDCTR,false,1999-01-01 00:00:00,9999-12-31 00:00:00
924,DPM_LAC,EBA_LAC,true,1999-01-01 00:00:00,9999-12-31 00:00:00
925,DPM_MCE_APL,EBA_MCE,true,1999-01-01 00:00:00,9999-12-31 00:00:00
926,DPM_MCE_APL,EBA_APL,true,1999-01-01 00:00:00,9999-12-31 00:00:00
927,DPM_MCE_APL,ACCNTNG_CLSSFCTN,false,1999-01-01 00:00:00,9999-12-31 00:00:00
928,DPM_MCE_APL,HLD_SL_INDCTR,false,1999-01-01 00:00:00,9999-12-31 00:00:00
929,DPM_MCE_APL,NGTBL_SCRTY_INDCTR,false,1999-01-01 00:00:00,9999-12-31 00:00:00
930,DPM_MCE_APL,RPYMNT_RGHTS,false,1999-01-01 00:00:00,9999-12-31 00:00:00
931,DPM_MCE_APL,MSRMNT_MTHD,false,1999-01-01 00:00:00,9999-12-31 00:00:00
932,DPM_MCE_APL,SBJCT_IMPRMNT_INDCTR,false,1999-01-01 00:00:00,9999-12-31 00:00:00
933,DPM_CTL_MCG,EBA_CTL,true,1999-01-01 00:00:00,9999-12-31 00:00:00
934,DPM_CTL_MCG,EBA_MCG,true,1999-01-01 00:00:00,9999-12-31 00:00:00
935,DPM_FLT_FLW,EBA_FLW,true,1999-01-01 00:00:00,9999-12-31 00:00:00
936,DPM_FLT_FLW,EBA_FLT,true,1999-01-01 00:00:00,9999-12-31 00:00:00
937,DPM_NPE,EBA_NPE,true,1999-01-01 00:00:00,9999-12-31 00:00:00
938,DPM_NPE,PRFRMNG_STTS_RSN,false,1999-01-01 00:00:00,9999-12-31 00:00:00
939,DPM_PIR,EBA_PIR,true,1999-01-01 00:00:00,9999-12-31 00:00:00
940,DPM_POV,EBA_POV,true,1999-01-01 00:00:00,9999-12-31 00:00:00
941,DPM_TIE,EBA_TIE,true,1999-01-01 00:00:00,9999-12-31 00:00:00
942,DPM_TIE,TM_SNC_INTL_RCGNTN,false,1999-01-01 00:00:00,9999-12-31 00:00:00
943,DPM_TYA_F_24.01,EBA_TYA,true,1999-01-01 00:00:00,9999-12-31 00:00:00
944,DPM_CNO,EBA_CNO,true,1999-01-01 00:00:00,9999-12-31 00:00:00
945,DPM_CPS_MCP,EBA_CPS,true,1999-01-01 00:00:00,9999-12-31 00:00:00
946,DPM_CPS_MCP,INSTTTNL_SCTR,false,1999-01-01 00:00:00,9999-12-31 00:00:00
947,DPM_CPS_MCP,MLTLTRL_DVLPMNT_BNK_INDCTR,false,1999-01-01 00:00:00,9999-12-31 00:00:00
948,DPM_CPS_MCP,PRTY_RL_TYP,false,1999-01-01 00:00:00,9999-12-31 00:00:00
949,DPM_CPS_MCP,MN_DBTR_INDCTR,false,1999-01-01 00:00:00,9999-12-31 00:00:00
950,DPM_LEC_2,EBA_LEC,true,1999-01-01 00:00:00,9999-12-31 00:00:00
951,DPM_STC,EBA_STC,true,1999-01-01 00:00:00,9999-12-31 00:00:00
952,DPM_STC,SCRTY_ID,false,1999-01-01 00:00:00,9999-12-31 00:00:00
953,DPM_CPS_MCP,EBA_MCP,true,1999-01-01 00:00:00,9999-12-31 00:00:00
954,DPM_TRI_F_02.00,EBA_TRI,true,1999-01-01 00:00:00,9999-12-31 00:00:00
955,DPM_TRI_F_02.00,TYP_RSK,false,1999-01-01 00:00:00,9999-12-31 00:00:00
956,DPM_IMS_F_06.01,EBA_IMS,true,1999-01-01 00:00:00,9999-12-31 00:00:00
957,DPM_IMS_F_06.01,DFLT_STTS,false,1999-01-01 00:00:00,9999-12-31 00:00:00
958,DPM_MCY,EBA_MCY,true,1999-01-01 00:00:00,9999-12-31 00:00:00
959,DPM_MCY,TYP_INSTRMNT,false,1999-01-01 00:00:00,9999-12-31 00:00:00
960,DPM_MCY,NGTBL_SCRTY_INDCTR,false,1999-01-01 00:00:00,9999-12-31 00:00:00
961,DPM_NAC,EBA_NAC,true,1999-01-01 00:00:00,9999-12-31 00:00:00
962,DPM_NAC,ECNMC_ACTVTY,false,1999-01-01 00:00:00,9999-12-31 00:00:00
963,DPM_APL,EBA_APL,true,1999-01-01 00:00:00,9999-12-31 00:00:00
964,DPM_APL,ACCNTNG_CLSSFCTN,false,1999-01-01 00:00:00,9999-12-31 00:00:00
965,DPM_APL,HLD_SL_INDCTR,false,1999-01-01 00:00:00,9999-12-31 00:00:00
966,DPM_APL,SBJCT_IMPRMNT_INDCTR,false,1999-01-01 00:00:00,9999-12-31 00:00:00
967,DPM_BAS_MCY_PFS,EBA_BAS,true,1999-01-01 00:00:00,9999-12-31 00:00:00
968,DPM_BAS_MCY_PFS,EBA_MCY,true,1999-01-01 00:00:00,9999-12-31 00:00:00
969,DPM_BAS_MCY_PFS,EBA_PFS,true,1999-01-01 00:00:00,9999-12-31 00:00:00
970,DPM_BAS_MCY_PFS,TYP_ACCNTNG_ITM,false,1999-01-01 00:00:00,9999-12-31 00:00:00
971,DPM_BAS_MCY_PFS,TYP_INSTRMNT,false,1999-01-01 00:00:00,9999-12-31 00:00:00
972,DPM_BAS_MCY_PFS,NGTBL_SCRTY_INDCTR,false,1999-01-01 00:00:00,9999-12-31 00:00:00
973,DPM_BAS_MCY_PFS,PRFRMNG_STTS,false,1999-01-01 00:00:00,9999-12-31 00:00:00
974,DPM_RPR,EBA_RPR,true,1999-01-01 00:00:00,9999-12-31 00:00:00
975,DPM_TYR,EBA_TYR,true,1999-01-01 00:00:00,9999-12-31 00:00:00
976,DPM_BAS_MCE_MCY_TYA_2.9,EBA_MCY,true,1999-01-01 00:00:00,9999-12-31 00:00:00
977,DPM_BAS_MCE_MCY_TYA_2.9,EBA_BAS,true,1999-01-01 00:00:00,9999-12-31 00:00:00
978,DPM_BAS_MCE_MCY_TYA_2.9,EBA_MCE,true,1999-01-01 00:00:00,9999-12-31 00:00:00
979,DPM_BAS_MCE_MCY_TYA_2.9,EBA_TYA,true,1999-01-01 00:00:00,9999-12-31 00:00:00
980,DPM_BAS_MCE_MCY_TYA_2.9,TYP_ACCNTNG_ITM,false,1999-01-01 00:00:00,9999-12-31 00:00:00
981,DPM_BAS_MCE_MCY_TYA_2.9,NGTBL_SCRTY_INDCTR,false,1999-01-01 00:00:00,9999-12-31 00:00:00
982,DPM_BAS_MCV_MCY_TRE,EBA_BAS,true,1999-01-01 00:00:00,9999-12-31 00:00:00
983,DPM_BAS_MCV_MCY_TRE,EBA_MCY,true,1999-01-01 00:00:00,9999-12-31 00:00:00
984,DPM_BAS_MCV_MCY_TRE,EBA_MCV,true,1999-01-01 00:00:00,9999-12-31 00:00:00
985,DPM_BAS_MCV_MCY_TRE,EBA_TRE,true,1999-01-01 00:00:00,9999-12-31 00:00:00
986,DPM_BAS_MCV_MCY_TRE,TYP_ACCNTNG_ITM,false,1999-01-01 00:00:00,9999-12-31 00:00:00
987,DPM_TSA,EBA_TSA,true,1999-01-01 00:00:00,9999-12-31 00:00:00
988,DPM_SUB,EBA_SUB,true,1999-01-01 00:00:00,9999-12-31 00:00:00
989,DPM_SUB,SBRDNTD_DBT,false,1999-01-01 00:00:00,9999-12-31 00:00:00
990,DPM_BAS_CPS_MCB_MCY_APL,EBA_BAS,true,1999-01-01 00:00:00,9999-12-31 00:00:00
991,DPM_BAS_CPS_MCB_MCY_APL,EBA_MCY,true,1999-01-01 00:00:00,9999-12-31 00:00:00
992,DPM_BAS_CPS_MCB_MCY_APL,EBA_CPS,true,1999-01-01 00:00:00,9999-12-31 00:00:00
993,DPM_BAS_CPS_MCB_MCY_APL,EBA_APL,true,1999-01-01 00:00:00,9999-12-31 00:00:00
994,DPM_BAS_CPS_MCB_MCY_APL,EBA_MCB,true,1999-01-01 00:00:00,9999-12-31 00:00:00
995,DPM_BAS_CPS_MCB_MCY_APL,ACCNTNG_CLSSFCTN,false,1999-01-01 00:00:00,9999-12-31 00:00:00
996,DPM_BAS_CPS_MCB_MCY_APL,TYP_INSTRMNT,false,1999-01-01 00:00:00,9999-12-31 00:00:00
997,DPM_BAS_CPS_MCB_MCY_APL,NGTBL_SCRTY_INDCTR,false,1999-01-01 00:00:00,9999-12-31 00:00:00
998,DPM_BAS_CPS_MCB_MCY_APL,HLD_SL_INDCTR,false,1999-01-01 00:00:00,9999-12-31 00:00:00
999,DPM_BAS_CPS_MCB_MCY_APL,RPYMNT_RGHTS,false,1999-01-01 00:00:00,9999-12-31 00:00:00
1000,DPM_BAS_CPS_MCB_MCY_APL,TYP_ACCNTNG_ITM,false,1999-01-01 00:00:00,9999-12-31 00:00:00
1001,DPM_BAS_CPS_MCB_MCY_APL,INSTTTNL_SCTR,false,1999-01-01 00:00:00,9999-12-31 00:00:00
1002,DPM_BAS_CPS_MCB_MCY_APL,PRTY_RL_TYP,false,1999-01-01 00:00:00,9999-12-31 00:00:00
1003,DPM_BAS_CPS_MCB_MCY_APL,MN_DBTR_INDCTR,false,1999-01-01 00:00:00,9999-12-31 00:00:00
1004,DPM_BAS_CPS_MCB_MCY_APL,SBJCT_IMPRMNT_INDCTR,false,1999-01-01 00:00:00,9999-12-31 00:00:00
1005,DPM_MCF,EBA_MCF,true,1999-01-01 00:00:00,9999-12-31 00:00:00
1006,DPM_TYH_F_20.01,EBA_TYH,true,1999-01-01 00:00:00,9999-12-31 00:00:00
1007,DPM_TYH_F_20.01,TYP_HDG,false,1999-01-01 00:00:00,9999-12-31 00:00:00
1008,DPM_BAS_MCF_MCH_MCY,EBA_BAS,true,1999-01-01 00:00:00,9999-12-31 00:00:00
1009,DPM_BAS_MCB_MCY,EBA_BAS,true,1999-01-01 00:00:00,9999-12-31 00:00:00
1010,DPM_BAS_MCB_MCY,EBA_MCB,true,1999-01-01 00:00:00,9999-12-31 00:00:00
1011,DPM_BAS_MCB_MCY,EBA_MCY,true,1999-01-01 00:00:00,9999-12-31 00:00:00
1012,DPM_BAS_MCB_MCY,TYP_ACCNTNG_ITM,false,1999-01-01 00:00:00,9999-12-31 00:00:00
1013,DPM_CNO_F_46.00,EBA_CNO,true,1999-01-01 00:00:00,9999-12-31 00:00:00
1014,DPM_PFS_F_31.02,EBA_PFS,true,1999-01-01 00:00:00,9999-12-31 00:00:00
1015,DPM_PFS_F_31.02,PRFRMNG_STTS,false,1999-01-01 00:00:00,9999-12-31 00:00:00
1016,DPM_BAS_CNO_MCB_MCF_MCY_REC,EBA_BAS,true,1999-01-01 00:00:00,9999-12-31 00:00:00
1017,DPM_BAS_CNO_MCB_MCF_MCY_REC,EBA_MCB,true,1999-01-01 00:00:00,9999-12-31 00:00:00
1018,DPM_BAS_CNO_MCB_MCF_MCY_REC,EBA_MCY,true,1999-01-01 00:00:00,9999-12-31 00:00:00
1019,DPM_BAS_CNO_MCB_MCF_MCY_REC,EBA_CNO,true,1999-01-01 00:00:00,9999-12-31 00:00:00
1020,DPM_BAS_CNO_MCB_MCF_MCY_REC,EBA_REC,true,1999-01-01 00:00:00,9999-12-31 00:00:00
1021,DPM_BAS_CNO_MCB_MCF_MCY_REC,EBA_MCF,true,1999-01-01 00:00:00,9999-12-31 00:00:00
1022,DPM_BAS_CNO_MCB_MCF_MCY_REC,HLD_SL_INDCTR,false,1999-01-01 00:00:00,9999-12-31 00:00:00
1023,DPM_BAS_CNO_MCB_MCF_MCY_REC,TYP_ACCNTNG_ITM,false,1999-01-01 00:00:00,9999-12-31 00:00:00
1024,DPM_BAS_MCE_MCY_TYA,EBA_MCY,true,1999-01-01 00:00:00,9999-12-31 00:00:00
1025,DPM_BAS_MCE_MCY_TYA,EBA_BAS,true,1999-01-01 00:00:00,9999-12-31 00:00:00
1026,DPM_BAS_MCE_MCY_TYA,EBA_MCE,true,1999-01-01 00:00:00,9999-12-31 00:00:00
1027,DPM_mi109,EBA_mi109,true,1999-01-01 00:00:00,9999-12-31 00:00:00
1028,DPM_mi110,EBA_mi110,true,1999-01-01 00:00:00,9999-12-31 00:00:00
1029,DPM_mi134,EBA_mi134,true,1999-01-01 00:00:00,9999-12-31 00:00:00
1030,DPM_mi135,EBA_mi135,true,1999-01-01 00:00:00,9999-12-31 00:00:00
1031,DPM_mi135,ACCMLTD_CHNGS_FV,false,1999-01-01 00:00:00,9999-12-31 00:00:00
1032,DPM_mi136,EBA_mi136,true,1999-01-01 00:00:00,9999-12-31 00:00:00
1033,DPM_mi136,GRSS_CRRYNG_AMNT,false,1999-01-01 00:00:00,9999-12-31 00:00:00
1034,DPM_mi164,EBA_mi164,true,1999-01-01 00:00:00,9999-12-31 00:00:00
1035,DPM_mi170,EBA_mi170,true,1999-01-01 00:00:00,9999-12-31 00:00:00
1036,DPM_mi170,NTNL_AMNT,false,1999-01-01 00:00:00,9999-12-31 00:00:00
1037,DPM_mi172,EBA_mi172,true,1999-01-01 00:00:00,9999-12-31 00:00:00
1038,DPM_mi191,PRSNT_VL,false,1999-01-01 00:00:00,9999-12-31 00:00:00
1039,DPM_mi195,EBA_mi195,true,1999-01-01 00:00:00,9999-12-31 00:00:00
1040,DPM_mi339,EBA_mi339,true,1999-01-01 00:00:00,9999-12-31 00:00:00
1041,DPM_mi340,EBA_mi340,true,1999-01-01 00:00:00,9999-12-31 00:00:00
1042,DPM_mi35,EBA_mi35,true,1999-01-01 00:00:00,9999-12-31 00:00:00
1043,DPM_mi37,EBA_mi37,true,1999-01-01 00:00:00,9999-12-31 00:00:00
1044,DPM_CPS_MCB_MCY,RPYMNT_RGHTS,false,1999-01-01 00:00:00,9999-12-31 00:00:00
1045,DPM_CPS_MCB_MCY,PRJCT_FNNC_LN,false,1999-01-01 00:00:00,9999-12-31 00:00:00
1046,DPM_BAS_MCF_MCH_MCY,EBA_MCY,true,1999-01-01 00:00:00,9999-12-31 00:00:00
1047,DPM_BAS_MCF_MCH_MCY,EBA_MCH,true,1999-01-01 00:00:00,9999-12-31 00:00:00
1048,DPM_BAS_MCF_MCH_MCY,EBA_MCF,true,1999-01-01 00:00:00,9999-12-31 00:00:00
1049,DPM_BAS_MCF_MCH_MCY,TYP_ACCNTNG_ITM,false,1999-01-01 00:00:00,9999-12-31 00:00:00
1050,DPM_MCA,EBA_MCA,true,1999-01-01 00:00:00,9999-12-31 00:00:00
1051,DPM_MCE,EBA_MCE,true,1999-01-01 00:00:00,9999-12-31 00:00:00
1052,DPM_MCE,NGTBL_SCRTY_INDCTR,false,1999-01-01 00:00:00,9999-12-31 00:00:00
1053,DPM_REC,EBA_REC,true,1999-01-01 00:00:00,9999-12-31 00:00:00
1054,DPM_LTG,EBA_LTG,true,1999-01-01 00:00:00,9999-12-31 00:00:00
1055,DPM_LTG,LTGTN_STTS,false,1999-01-01 00:00:00,9999-12-31 00:00:00
1056,DPM_BAS_MCB_MCY_APL_F_42.00,EBA_BAS,true,1999-01-01 00:00:00,9999-12-31 00:00:00
1057,DPM_BAS_MCB_MCY_APL_F_42.00,EBA_MCY,true,1999-01-01 00:00:00,9999-12-31 00:00:00
1058,DPM_BAS_MCB_MCY_APL_F_42.00,EBA_APL,true,1999-01-01 00:00:00,9999-12-31 00:00:00
1059,DPM_BAS_MCB_MCY_APL_F_42.00,EBA_MCB,true,1999-01-01 00:00:00,9999-12-31 00:00:00
1060,DPM_BAS_MCB_MCY_APL_F_42.00,HLD_SL_INDCTR,false,1999-01-01 00:00:00,9999-12-31 00:00:00
1061,DPM_BAS_MCB_MCY_APL_F_42.00,TYP_ACCNTNG_ITM,false,1999-01-01 00:00:00,9999-12-31 00:00:00
1062,DPM_BAS_MCB_MCY_APL_F_42.00,MSRMNT_MTHD,false,1999-01-01 00:00:00,9999-12-31 00:00:00
1063,DPM_BAS_MCB_MCY_APL_F_42.00,TYP_INSTRMNT,false,1999-01-01 00:00:00,9999-12-31 00:00:00
1064,DPM_CPS_MCB_MCY,EBA_MCY,true,1999-01-01 00:00:00,9999-12-31 00:00:00
1065,DPM_CPS_MCB_MCY,EBA_CPS,true,1999-01-01 00:00:00,9999-12-31 00:00:00
1066,DPM_CPS_MCB_MCY,EBA_MCB,true,1999-01-01 00:00:00,9999-12-31 00:00:00
1067,DPM_CPS_MCB_MCY,INSTTTNL_SCTR,false,1999-01-01 00:00:00,9999-12-31 00:00:00
1068,DPM_CPS_MCB_MCY,MLTLTRL_DVLPMNT_BNK_INDCTR,false,1999-01-01 00:00:00,9999-12-31 00:00:00
1069,DPM_CPS_MCB_MCY,PRTY_RL_TYP,false,1999-01-01 00:00:00,9999-12-31 00:00:00
1070,DPM_CPS_MCB_MCY,MN_DBTR_INDCTR,false,1999-01-01 00:00:00,9999-12-31 00:00:00
1071,DPM_CPS_MCB_MCY,TYP_INSTRMNT,false,1999-01-01 00:00:00,9999-12-31 00:00:00
1072,DPM_CPS_MCB_MCY,NGTBL_SCRTY_INDCTR,false,1999-01-01 00:00:00,9999-12-31 00:00:00
1073,DPM_IMS,EBA_IMS,true,1999-01-01 00:00:00,9999-12-31 00:00:00
1074,DPM_BAS_MCE_MCY_TYA,EBA_TYA,true,1999-01-01 00:00:00,9999-12-31 00:00:00
1075,DPM_BAS_MCE_MCY_TYA,TYP_ACCNTNG_ITM,false,1999-01-01 00:00:00,9999-12-31 00:00:00
1076,DPM_MCE_TYH,EBA_MCE,true,1999-01-01 00:00:00,9999-12-31 00:00:00
1077,DPM_MCE_TYH,EBA_TYH,true,1999-01-01 00:00:00,9999-12-31 00:00:00
1078,DPM_MCE_TYH,TYP_HDG,false,1999-01-01 00:00:00,9999-12-31 00:00:00
1079,DPM_MCE_TYH,NGTBL_SCRTY_INDCTR,false,1999-01-01 00:00:00,9999-12-31 00:00:00
1080,DPM_TYA,EBA_TYA,true,1999-01-01 00:00:00,9999-12-31 00:00:00
1081,DPM_FVH,EBA_FVH,true,1999-01-01 00:00:00,9999-12-31 00:00:00
1082,DPM_FVH,FV_HRRCHY,false,1999-01-01 00:00:00,9999-12-31 00:00:00
1083,DPM_ALO_F_12.00,EBA_ALO,true,1999-01-01 00:00:00,9999-12-31 00:00:00
1084,DPM_ALO_F_12.00,IMPRMNT_STTS,false,1999-01-01 00:00:00,9999-12-31 00:00:00
1085,DPM_DPS,EBA_DPS,true,1999-01-01 00:00:00,9999-12-31 00:00:00
1086,DPM_CPS_MCB_MCY_TMA_TRI,EBA_MCY,true,1999-01-01 00:00:00,9999-12-31 00:00:00
1087,DPM_CPS_MCB_MCY_TMA_TRI,EBA_CPS,true,1999-01-01 00:00:00,9999-12-31 00:00:00
1088,DPM_CPS_MCB_MCY_TMA_TRI,EBA_TRI,true,1999-01-01 00:00:00,9999-12-31 00:00:00
1089,DPM_CPS_MCB_MCY_TMA_TRI,EBA_TMA,true,1999-01-01 00:00:00,9999-12-31 00:00:00
1090,DPM_CPS_MCB_MCY_TMA_TRI,EBA_MCB,true,1999-01-01 00:00:00,9999-12-31 00:00:00
1091,DPM_CPS_MCB_MCY_TMA_TRI,TYP_RSK,false,1999-01-01 00:00:00,9999-12-31 00:00:00
1092,DPM_CPS_MCB_MCY_TMA_TRI,TYP_INSTRMNT,false,1999-01-01 00:00:00,9999-12-31 00:00:00
1093,DPM_CPS_MCB_MCY_TMA_TRI,INSTTTNL_SCTR,false,1999-01-01 00:00:00,9999-12-31 00:00:00
1094,DPM_CPS_MCB_MCY_TMA_TRI,MLTLTRL_DVLPMNT_BNK_INDCTR,false,1999-01-01 00:00:00,9999-12-31 00:00:00
1095,DPM_CPS_MCB_MCY_TMA_TRI,PRTY_RL_TYP,false,1999-01-01 00:00:00,9999-12-31 00:00:00
1096,DPM_CPS_MCB_MCY_TMA_TRI,MN_DBTR_INDCTR,false,1999-01-01 00:00:00,9999-12-31 00:00:00
1097,DPM_PLD,EBA_PLD,true,1999-01-01 00:00:00,9999-12-31 00:00:00
1098,DPM_PLD,FVO_DSGNTN,false,1999-01-01 00:00:00,9999-12-31 00:00:00
1099,DPM_mi37,ACCMLTD_CHNGS_FV_CR,false,1999-01-01 00:00:00,9999-12-31 00:00:00
1100,DPM_mi43,EBA_mi43,true,1999-01-01 00:00:00,9999-12-31 00:00:00
1101,DPM_mi43,AMNT_DRCGNSD_CPTL_PRPS,false,1999-01-01 00:00:00,9999-12-31 00:00:00
1102,DPM_mi45,EBA_mi45,true,1999-01-01 00:00:00,9999-12-31 00:00:00
1103,DPM_mi500,EBA_mi500,true,1999-01-01 00:00:00,9999-12-31 00:00:00
1104,DPM_mi501,EBA_mi501,true,1999-01-01 00:00:00,9999-12-31 00:00:00
1105,DPM_mi502,EBA_mi502,true,1999-01-01 00:00:00,9999-12-31 00:00:00
1106,DPM_mi503,EBA_mi503,true,1999-01-01 00:00:00,9999-12-31 00:00:00
1107,DPM_mi504,EBA_mi504,true,1999-01-01 00:00:00,9999-12-31 00:00:00
1108,DPM_mi505,EBA_mi505,true,1999-01-01 00:00:00,9999-12-31 00:00:00
1109,DPM_mi505,ACCMLTD_NGTV_VL_ADJSTMNT_MR,false,1999-01-01 00:00:00,9999-12-31 00:00:00
1110,DPM_mi506,EBA_mi506,true,1999-01-01 00:00:00,9999-12-31 00:00:00
1111,DPM_mi506,ACCMLTD_NGTV_VL_ADJSTMNT_CR,false,1999-01-01 00:00:00,9999-12-31 00:00:00
1112,DPM_mi507,EBA_mi507,true,1999-01-01 00:00:00,9999-12-31 00:00:00
1113,DPM_mi507,ACCMLTD_PRTL_WRTFFS,false,1999-01-01 00:00:00,9999-12-31 00:00:00
1114,DPM_mi508,EBA_mi508,true,1999-01-01 00:00:00,9999-12-31 00:00:00
1115,DPM_mi508,ACCMLTD_TTL_WRTFFS,false,1999-01-01 00:00:00,9999-12-31 00:00:00
1116,DPM_mi65,EBA_mi65,true,1999-01-01 00:00:00,9999-12-31 00:00:00
1117,DPM_mi7,EBA_mi7,true,1999-01-01 00:00:00,9999-12-31 00:00:00
1118,DPM_mi7,ACCMLTD_IMPRMNT,false,1999-01-01 00:00:00,9999-12-31 00:00:00
1119,DPM_mi9,EBA_mi9,true,1999-01-01 00:00:00,9999-12-31 00:00:00
1120,DPM_mi9,ACQSTN_CST,false,1999-01-01 00:00:00,9999-12-31 00:00:00
1121,DPM_md104,EBA_md104,true,1999-01-01 00:00:00,9999-12-31 00:00:00
1122,DPM_md105,EBA_md105,true,1999-01-01 00:00:00,9999-12-31 00:00:00
1123,DPM_md108,EBA_md108,true,1999-01-01 00:00:00,9999-12-31 00:00:00
1124,DPM_BAS_MCY_APL,SBJCT_IMPRMNT_INDCTR,false,1999-01-01 00:00:00,9999-12-31 00:00:00
1125,DPM_CPS_MCB_MCE_TYH_IMS_APL_PUR,EBA_MCE,true,1999-01-01 00:00:00,9999-12-31 00:00:00
1126,DPM_CPS_MCB_MCE_TYH_IMS_APL_PUR,EBA_CPS,true,1999-01-01 00:00:00,9999-12-31 00:00:00
1127,DPM_CPS_MCB_MCE_TYH_IMS_APL_PUR,EBA_TYH,true,1999-01-01 00:00:00,9999-12-31 00:00:00
1128,DPM_CPS_MCB_MCE_TYH_IMS_APL_PUR,EBA_PUR,true,1999-01-01 00:00:00,9999-12-31 00:00:00
1129,DPM_CPS_MCB_MCE_TYH_IMS_APL_PUR,EBA_MCB,true,1999-01-01 00:00:00,9999-12-31 00:00:00
1130,DPM_CPS_MCB_MCE_TYH_IMS_APL_PUR,EBA_IMS,true,1999-01-01 00:00:00,9999-12-31 00:00:00
1131,DPM_CPS_MCB_MCE_TYH_IMS_APL_PUR,IMPRMNT_STTS,false,1999-01-01 00:00:00,9999-12-31 00:00:00
1132,DPM_CPS_MCB_MCE_TYH_IMS_APL_PUR,TYP_HDG,false,1999-01-01 00:00:00,9999-12-31 00:00:00
1133,DPM_CPS_MCB_MCE_TYH_IMS_APL_PUR,INSTTTNL_SCTR,false,1999-01-01 00:00:00,9999-12-31 00:00:00
1134,DPM_CPS_MCB_MCE_TYH_IMS_APL_PUR,MLTLTRL_DVLPMNT_BNK_INDCTR,false,1999-01-01 00:00:00,9999-12-31 00:00:00
1135,DPM_CPS_MCB_MCE_TYH_IMS_APL_PUR,PRTY_RL_TYP,false,1999-01-01 00:00:00,9999-12-31 00:00:00
1136,DPM_IMS,IMPRMNT_STTS,false,1999-01-01 00:00:00,9999-12-31 00:00:00
1137,DPM_TPD,EBA_TPD,true,1999-01-01 00:00:00,9999-12-31 00:00:00
1138,DPM_BAS_MCY_APL,EBA_MCY,true,1999-01-01 00:00:00,9999-12-31 00:00:00
1139,DPM_BAS_MCY_APL,EBA_APL,true,1999-01-01 00:00:00,9999-12-31 00:00:00
1140,DPM_BAS_MCY_APL,EBA_BAS,true,1999-01-01 00:00:00,9999-12-31 00:00:00
1141,DPM_BAS_MCY_APL,TYP_INSTRMNT,false,1999-01-01 00:00:00,9999-12-31 00:00:00
1142,DPM_BAS_MCY_APL,NGTBL_SCRTY_INDCTR,false,1999-01-01 00:00:00,9999-12-31 00:00:00
1143,DPM_BAS_MCY_APL,ACCNTNG_CLSSFCTN,false,1999-01-01 00:00:00,9999-12-31 00:00:00
1144,DPM_BAS_MCY_APL,TYP_ACCNTNG_ITM,false,1999-01-01 00:00:00,9999-12-31 00:00:00
1145,DPM_BAS_MCY_APL,HLD_SL_INDCTR,false,1999-01-01 00:00:00,9999-12-31 00:00:00
1146,DPM_BAS_MCY_APL,MSRMNT_MTHD,false,1999-01-01 00:00:00,9999-12-31 00:00:00
1147,DPM_CPS_MCB_MCE_TYH_IMS_APL_PUR,MN_DBTR_INDCTR,false,1999-01-01 00:00:00,9999-12-31 00:00:00
1148,DPM_CPS_MCB_MCE_TYH_IMS_APL_PUR,ACCNTNG_CLSSFCTN,false,1999-01-01 00:00:00,9999-12-31 00:00:00
1149,DPM_CPS_MCB_MCE_TYH_IMS_APL_PUR,HLD_SL_INDCTR,false,1999-01-01 00:00:00,9999-12-31 00:00:00
1150,DPM_BAS_MCB_MCY_APL,EBA_BAS,true,1999-01-01 00:00:00,9999-12-31 00:00:00
1151,DPM_BAS_MCB_MCY_APL,EBA_MCY,true,1999-01-01 00:00:00,9999-12-31 00:00:00
1152,DPM_BAS_MCB_MCY_APL,EBA_APL,true,1999-01-01 00:00:00,9999-12-31 00:00:00
1153,DPM_BAS_MCB_MCY_APL,EBA_MCB,true,1999-01-01 00:00:00,9999-12-31 00:00:00
1154,DPM_BAS_MCB_MCY_APL,TYP_ACCNTNG_ITM,false,1999-01-01 00:00:00,9999-12-31 00:00:00
1155,DPM_BAS_MCB_MCY_APL,HLD_SL_INDCTR,false,1999-01-01 00:00:00,9999-12-31 00:00:00
1156,DPM_md11,EBA_md11,true,1999-01-01 00:00:00,9999-12-31 00:00:00
1157,DPM_md114,EBA_md114,true,1999-01-01 00:00:00,9999-12-31 00:00:00
1158,DPM_md12,EBA_md12,true,1999-01-01 00:00:00,9999-12-31 00:00:00
1159,DPM_md13,EBA_md13,true,1999-01-01 00:00:00,9999-12-31 00:00:00
1160,DPM_md131,EBA_md131,true,1999-01-01 00:00:00,9999-12-31 00:00:00
1161,DPM_md139,EBA_md139,true,1999-01-01 00:00:00,9999-12-31 00:00:00
1162,DPM_md14,EBA_md14,true,1999-01-01 00:00:00,9999-12-31 00:00:00
1163,DPM_md140,EBA_md140,true,1999-01-01 00:00:00,9999-12-31 00:00:00
1164,DPM_md147,EBA_md147,true,1999-01-01 00:00:00,9999-12-31 00:00:00
1165,DPM_md149,EBA_md149,true,1999-01-01 00:00:00,9999-12-31 00:00:00
1166,DPM_md150,EBA_md150,true,1999-01-01 00:00:00,9999-12-31 00:00:00
1167,DPM_md151,EBA_md151,true,1999-01-01 00:00:00,9999-12-31 00:00:00
1168,DPM_md186,EBA_md186,true,1999-01-01 00:00:00,9999-12-31 00:00:00
1169,DPM_CPS_MCB_MCE_TYH_IMS_APL_PUR,NGTBL_SCRTY_INDCTR,false,1999-01-01 00:00:00,9999-12-31 00:00:00
1170,DPM_CPS_MCB_MCE_TYH_IMS_APL_PUR,SBJCT_IMPRMNT_INDCTR,false,1999-01-01 00:00:00,9999-12-31 00:00:00
1171,DPM_CPS_MCB_MCE_TYH_IMS_APL_PUR,PRPS,false,1999-01-01 00:00:00,9999-12-31 00:00:00
1172,DPM_MCV_F_44.03,EBA_MCV,true,1999-01-01 00:00:00,9999-12-31 00:00:00
1173,DPM_CPS_CPZ_MCY,EBA_MCY,true,1999-01-01 00:00:00,9999-12-31 00:00:00
1174,DPM_CPS_CPZ_MCY,EBA_CPS,true,1999-01-01 00:00:00,9999-12-31 00:00:00
1175,DPM_CPS_CPZ_MCY,EBA_CPZ,true,1999-01-01 00:00:00,9999-12-31 00:00:00
1176,DPM_CPS_CPZ_MCY,ENTRPRS_SZ,false,1999-01-01 00:00:00,9999-12-31 00:00:00
1177,DPM_CPS_CPZ_MCY,INSTTTNL_SCTR,false,1999-01-01 00:00:00,9999-12-31 00:00:00
1178,DPM_CPS_CPZ_MCY,MLTLTRL_DVLPMNT_BNK_INDCTR,false,1999-01-01 00:00:00,9999-12-31 00:00:00
1179,DPM_CPS_CPZ_MCY,PRTY_RL_TYP,false,1999-01-01 00:00:00,9999-12-31 00:00:00
1180,DPM_CPS_CPZ_MCY,MN_DBTR_INDCTR,false,1999-01-01 00:00:00,9999-12-31 00:00:00
1181,DPM_CPS_CPZ_MCY,TYP_INSTRMNT,false,1999-01-01 00:00:00,9999-12-31 00:00:00
1182,DPM_CPS_CPZ_MCY,NGTBL_SCRTY_INDCTR,false,1999-01-01 00:00:00,9999-12-31 00:00:00
1183,DPM_TRI_F_04.03.1,EBA_TRI,true,1999-01-01 00:00:00,9999-12-31 00:00:00
1184,DPM_TRI_F_04.03.1,LW_CRDT_RSK_INDCTR,false,1999-01-01 00:00:00,9999-12-31 00:00:00
1185,DPM_CPS_CPZ_MCG_MCY_PUR,EBA_MCY,true,1999-01-01 00:00:00,9999-12-31 00:00:00
1186,DPM_CPS_CPZ_MCG_MCY_PUR,EBA_CPS,true,1999-01-01 00:00:00,9999-12-31 00:00:00
1187,DPM_CPS_CPZ_MCG_MCY_PUR,EBA_CPZ,true,1999-01-01 00:00:00,9999-12-31 00:00:00
1188,DPM_CPS_CPZ_MCG_MCY_PUR,EBA_MCG,true,1999-01-01 00:00:00,9999-12-31 00:00:00
1189,DPM_CPS_CPZ_MCG_MCY_PUR,EBA_PUR,true,1999-01-01 00:00:00,9999-12-31 00:00:00
1190,DPM_CPS_CPZ_MCG_MCY_PUR,TYP_INSTRMNT,false,1999-01-01 00:00:00,9999-12-31 00:00:00
1191,DPM_CPS_CPZ_MCG_MCY_PUR,NGTBL_SCRTY_INDCTR,false,1999-01-01 00:00:00,9999-12-31 00:00:00
1192,DPM_CPS_CPZ_MCG_MCY_PUR,INSTTTNL_SCTR,false,1999-01-01 00:00:00,9999-12-31 00:00:00
1193,DPM_CPS_CPZ_MCG_MCY_PUR,MLTLTRL_DVLPMNT_BNK_INDCTR,false,1999-01-01 00:00:00,9999-12-31 00:00:00
1194,DPM_CPS_CPZ_MCG_MCY_PUR,PRTY_RL_TYP,false,1999-01-01 00:00:00,9999-12-31 00:00:00
1195,DPM_CPS_CPZ_MCG_MCY_PUR,MN_DBTR_INDCTR,false,1999-01-01 00:00:00,9999-12-31 00:00:00
1196,DPM_CPS_CPZ_MCG_MCY_PUR,ENTRPRS_SZ,false,1999-01-01 00:00:00,9999-12-31 00:00:00
1197,DPM_CPS_CPZ_MCG_MCY_PUR,PRPS,false,1999-01-01 00:00:00,9999-12-31 00:00:00
1198,DPM_CPS_CPZ_MCG_MCY_PUR,TYP_CLLTRL,false,1999-01-01 00:00:00,9999-12-31 00:00:00
1199,DPM_ACT,EBA_ACT,true,1999-01-01 00:00:00,9999-12-31 00:00:00
1200,DPM_ACT,TRTMNT_TRNSFRRD_ASSTS_BLNC_SHT,false,1999-01-01 00:00:00,9999-12-31 00:00:00
1201,DPM_TRT,EBA_TRT,true,1999-01-01 00:00:00,9999-12-31 00:00:00
1202,DPM_MCT_PLT,EBA_MCT,true,1999-01-01 00:00:00,9999-12-31 00:00:00
1203,DPM_MCT_PLT,EBA_PLT,true,1999-01-01 00:00:00,9999-12-31 00:00:00
1204,DPM_MCT_PLT,NGTBL_SCRTY_INDCTR,false,1999-01-01 00:00:00,9999-12-31 00:00:00
1205,DPM_MCT_PLT,HLD_SL_INDCTR,false,1999-01-01 00:00:00,9999-12-31 00:00:00
1206,DPM_MCT_PLT,SBJCT_IMPRMNT_INDCTR,false,1999-01-01 00:00:00,9999-12-31 00:00:00
1207,DPM_BAS_CPS_CPZ_MCG_MCY_MCP_PUR_APL,EBA_BAS,true,1999-01-01 00:00:00,9999-12-31 00:00:00
1208,DPM_BAS_CPS_CPZ_MCG_MCY_MCP_PUR_APL,EBA_MCY,true,1999-01-01 00:00:00,9999-12-31 00:00:00
1209,DPM_md197,EBA_md197,true,1999-01-01 00:00:00,9999-12-31 00:00:00
1210,DPM_md199,EBA_md199,true,1999-01-01 00:00:00,9999-12-31 00:00:00
1211,DPM_md200,EBA_md200,true,1999-01-01 00:00:00,9999-12-31 00:00:00
1212,DPM_md201,EBA_md201,true,1999-01-01 00:00:00,9999-12-31 00:00:00
1213,DPM_md202,EBA_md202,true,1999-01-01 00:00:00,9999-12-31 00:00:00
1214,DPM_md203,EBA_md203,true,1999-01-01 00:00:00,9999-12-31 00:00:00
1215,DPM_md210,EBA_md210,true,1999-01-01 00:00:00,9999-12-31 00:00:00
1216,DPM_md216,EBA_md216,true,1999-01-01 00:00:00,9999-12-31 00:00:00
1217,DPM_md233,EBA_md233,true,1999-01-01 00:00:00,9999-12-31 00:00:00
1218,DPM_BAS_CPS_MCY,EBA_BAS,true,1999-01-01 00:00:00,9999-12-31 00:00:00
1219,DPM_BAS_CPS_MCY,EBA_MCY,true,1999-01-01 00:00:00,9999-12-31 00:00:00
1220,DPM_BAS_CPS_MCY,EBA_CPS,true,1999-01-01 00:00:00,9999-12-31 00:00:00
1221,DPM_BAS_CPS_MCY,INSTTTNL_SCTR,false,1999-01-01 00:00:00,9999-12-31 00:00:00
1222,DPM_BAS_CPS_MCY,MLTLTRL_DVLPMNT_BNK_INDCTR,false,1999-01-01 00:00:00,9999-12-31 00:00:00
1223,DPM_BAS_CPS_MCY,PRTY_RL_TYP,false,1999-01-01 00:00:00,9999-12-31 00:00:00
1224,DPM_BAS_CPS_MCY,MN_DBTR_INDCTR,false,1999-01-01 00:00:00,9999-12-31 00:00:00
1225,DPM_BAS_CPS_MCY,TYP_INSTRMNT,false,1999-01-01 00:00:00,9999-12-31 00:00:00
1226,DPM_BAS_CPS_MCY,NGTBL_SCRTY_INDCTR,false,1999-01-01 00:00:00,9999-12-31 00:00:00
1227,DPM_BAS_CPS_MCY,TYP_ACCNTNG_ITM,false,1999-01-01 00:00:00,9999-12-31 00:00:00
1228,DPM_IMS_PFS_2.9,EBA_IMS,true,1999-01-01 00:00:00,9999-12-31 00:00:00
1229,DPM_IMS_PFS_2.9,EBA_PFS,true,1999-01-01 00:00:00,9999-12-31 00:00:00
1230,DPM_IMS_PFS_2.9,PRFRMNG_STTS,false,1999-01-01 00:00:00,9999-12-31 00:00:00
1231,DPM_IMS_PFS_2.9,IMPRMNT_STTS,false,1999-01-01 00:00:00,9999-12-31 00:00:00
1232,DPM_IMS_PFS_2.9,DFLT_STTS,false,1999-01-01 00:00:00,9999-12-31 00:00:00
1233,DPM_BAS_APL_2.9,EBA_APL,true,1999-01-01 00:00:00,9999-12-31 00:00:00
1234,DPM_BAS_APL_2.9,EBA_BAS,true,1999-01-01 00:00:00,9999-12-31 00:00:00
1235,DPM_BAS_APL_2.9,ACCNTNG_CLSSFCTN,false,1999-01-01 00:00:00,9999-12-31 00:00:00
1236,DPM_BAS_APL_2.9,TYP_ACCNTNG_ITM,false,1999-01-01 00:00:00,9999-12-31 00:00:00
1237,DPM_BAS_APL_2.9,HLD_SL_INDCTR,false,1999-01-01 00:00:00,9999-12-31 00:00:00
1238,DPM_BAS_APL_2.9,SBJCT_IMPRMNT_INDCTR,false,1999-01-01 00:00:00,9999-12-31 00:00:00
1239,DPM_CPS_CPZ_MCB_MCG_MCY_PUR,EBA_MCY,true,1999-01-01 00:00:00,9999-12-31 00:00:00
1240,DPM_CPS_CPZ_MCB_MCG_MCY_PUR,EBA_MCB,true,1999-01-01 00:00:00,9999-12-31 00:00:00
1241,DPM_CPS_CPZ_MCB_MCG_MCY_PUR,EBA_CPS,true,1999-01-01 00:00:00,9999-12-31 00:00:00
1242,DPM_CPS_CPZ_MCB_MCG_MCY_PUR,EBA_CPZ,true,1999-01-01 00:00:00,9999-12-31 00:00:00
1243,DPM_CPS_CPZ_MCB_MCG_MCY_PUR,EBA_MCG,true,1999-01-01 00:00:00,9999-12-31 00:00:00
1244,DPM_CPS_CPZ_MCB_MCG_MCY_PUR,EBA_PUR,true,1999-01-01 00:00:00,9999-12-31 00:00:00
1245,DPM_CPS_CPZ_MCB_MCG_MCY_PUR,TYP_INSTRMNT,false,1999-01-01 00:00:00,9999-12-31 00:00:00
1246,DPM_CPS_CPZ_MCB_MCG_MCY_PUR,NGTBL_SCRTY_INDCTR,false,1999-01-01 00:00:00,9999-12-31 00:00:00
1247,DPM_CPS_CPZ_MCB_MCG_MCY_PUR,RPYMNT_RGHTS,false,1999-01-01 00:00:00,9999-12-31 00:00:00
1248,DPM_CPS_CPZ_MCB_MCG_MCY_PUR,INSTTTNL_SCTR,false,1999-01-01 00:00:00,9999-12-31 00:00:00
1249,DPM_CPS_CPZ_MCB_MCG_MCY_PUR,MLTLTRL_DVLPMNT_BNK_INDCTR,false,1999-01-01 00:00:00,9999-12-31 00:00:00
1250,DPM_BAS_CPS_CPZ_MCG_MCY_MCP_PUR_APL,NGTBL_SCRTY_INDCTR,false,1999-01-01 00:00:00,9999-12-31 00:00:00
1251,DPM_BAS_CPS_CPZ_MCG_MCY_MCP_PUR_APL,INSTTTNL_SCTR,false,1999-01-01 00:00:00,9999-12-31 00:00:00
1252,DPM_BAS_CPS_CPZ_MCG_MCY_MCP_PUR_APL,MLTLTRL_DVLPMNT_BNK_INDCTR,false,1999-01-01 00:00:00,9999-12-31 00:00:00
1253,DPM_BAS_CPS_CPZ_MCG_MCY_MCP_PUR_APL,PRTY_RL_TYP,false,1999-01-01 00:00:00,9999-12-31 00:00:00
1254,DPM_BAS_CPS_CPZ_MCG_MCY_MCP_PUR_APL,MN_DBTR_INDCTR,false,1999-01-01 00:00:00,9999-12-31 00:00:00
1255,DPM_BAS_CPS_CPZ_MCG_MCY_MCP_PUR_APL,ENTRPRS_SZ,false,1999-01-01 00:00:00,9999-12-31 00:00:00
1256,DPM_BAS_CPS_CPZ_MCG_MCY_MCP_PUR_APL,PRPS,false,1999-01-01 00:00:00,9999-12-31 00:00:00
1257,DPM_BAS_CPS_MCY_APL,EBA_CPS,true,1999-01-01 00:00:00,9999-12-31 00:00:00
1258,DPM_BAS_CPS_CPZ_MCG_MCY_MCP_PUR_APL,EBA_MCP,true,1999-01-01 00:00:00,9999-12-31 00:00:00
1259,DPM_BAS_CPS_CPZ_MCG_MCY_MCP_PUR_APL,EBA_APL,true,1999-01-01 00:00:00,9999-12-31 00:00:00
1260,DPM_BAS_CPS_CPZ_MCG_MCY_MCP_PUR_APL,EBA_CPS,true,1999-01-01 00:00:00,9999-12-31 00:00:00
1261,DPM_BAS_CPS_CPZ_MCG_MCY_MCP_PUR_APL,EBA_CPZ,true,1999-01-01 00:00:00,9999-12-31 00:00:00
1262,DPM_BAS_CPS_CPZ_MCG_MCY_MCP_PUR_APL,EBA_MCG,true,1999-01-01 00:00:00,9999-12-31 00:00:00
1263,DPM_BAS_CPS_CPZ_MCG_MCY_MCP_PUR_APL,EBA_PUR,true,1999-01-01 00:00:00,9999-12-31 00:00:00
1264,DPM_BAS_CPS_CPZ_MCG_MCY_MCP_PUR_APL,TYP_ACCNTNG_ITM,false,1999-01-01 00:00:00,9999-12-31 00:00:00
1265,DPM_BAS_CPS_CPZ_MCG_MCY_MCP_PUR_APL,ACCNTNG_CLSSFCTN,false,1999-01-01 00:00:00,9999-12-31 00:00:00
1266,DPM_BAS_CPS_CPZ_MCG_MCY_MCP_PUR_APL,HLD_SL_INDCTR,false,1999-01-01 00:00:00,9999-12-31 00:00:00
1267,DPM_BAS_CPS_CPZ_MCG_MCY_MCP_PUR_APL,TYP_INSTRMNT,false,1999-01-01 00:00:00,9999-12-31 00:00:00
1268,DPM_BAS_CPS_MCY_APL,EBA_MCY,true,1999-01-01 00:00:00,9999-12-31 00:00:00
1269,DPM_BAS_CPS_MCY_APL,EBA_APL,true,1999-01-01 00:00:00,9999-12-31 00:00:00
1270,DPM_BAS_CPS_MCY_APL,EBA_BAS,true,1999-01-01 00:00:00,9999-12-31 00:00:00
1271,DPM_BAS_CPS_MCY_APL,INSTTTNL_SCTR,false,1999-01-01 00:00:00,9999-12-31 00:00:00
1272,DPM_BAS_CPS_MCY_APL,MLTLTRL_DVLPMNT_BNK_INDCTR,false,1999-01-01 00:00:00,9999-12-31 00:00:00
1273,DPM_md239,EBA_md239,true,1999-01-01 00:00:00,9999-12-31 00:00:00
1274,DPM_md240,EBA_md240,true,1999-01-01 00:00:00,9999-12-31 00:00:00
1275,DPM_md241,EBA_md241,true,1999-01-01 00:00:00,9999-12-31 00:00:00
1276,DPM_md242,EBA_md242,true,1999-01-01 00:00:00,9999-12-31 00:00:00
1277,DPM_CPS_CPZ_MCB_MCG_MCY_PUR,PRTY_RL_TYP,false,1999-01-01 00:00:00,9999-12-31 00:00:00
1278,DPM_CPS_CPZ_MCB_MCG_MCY_PUR,MN_DBTR_INDCTR,false,1999-01-01 00:00:00,9999-12-31 00:00:00
1279,DPM_CPS_CPZ_MCB_MCG_MCY_PUR,ENTRPRS_SZ,false,1999-01-01 00:00:00,9999-12-31 00:00:00
1280,DPM_CPS_CPZ_MCB_MCG_MCY_PUR,PRPS,false,1999-01-01 00:00:00,9999-12-31 00:00:00
1281,DPM_CPS_CPZ_MCB_MCG_MCY_PUR,TYP_CLLTRL,false,1999-01-01 00:00:00,9999-12-31 00:00:00
1282,DPM_FRS_IMS_PFS_TPD,EBA_IMS,true,1999-01-01 00:00:00,9999-12-31 00:00:00
1283,DPM_FRS_IMS_PFS_TPD,EBA_PFS,true,1999-01-01 00:00:00,9999-12-31 00:00:00
1284,DPM_FRS_IMS_PFS_TPD,EBA_TPD,true,1999-01-01 00:00:00,9999-12-31 00:00:00
1285,DPM_FRS_IMS_PFS_TPD,EBA_FRS,true,1999-01-01 00:00:00,9999-12-31 00:00:00
1286,DPM_FRS_IMS_PFS_TPD,IMPRMNT_STTS,false,1999-01-01 00:00:00,9999-12-31 00:00:00
1287,DPM_FRS_IMS_PFS_TPD,PRFRMNG_STTS,false,1999-01-01 00:00:00,9999-12-31 00:00:00
1288,DPM_FRS_IMS_PFS_TPD,DFLT_STTS,false,1999-01-01 00:00:00,9999-12-31 00:00:00
1289,DPM_MCB,EBA_MCB,true,1999-01-01 00:00:00,9999-12-31 00:00:00
1290,DPM_MCB,UNDR_CNSTRCTN_INDCTR,false,1999-01-01 00:00:00,9999-12-31 00:00:00
1291,DPM_MCB,PLNNNG_PRMSSN_INDCTR,false,1999-01-01 00:00:00,9999-12-31 00:00:00
1292,DPM_FBS_F_19.00,EBA_FBS,true,1999-01-01 00:00:00,9999-12-31 00:00:00
1293,DPM_FBS_F_19.00,NN_PRFRMNG_PRR_FRBRNC_INDCTR,false,1999-01-01 00:00:00,9999-12-31 00:00:00
1294,DPM_IMS_PFS,EBA_IMS,true,1999-01-01 00:00:00,9999-12-31 00:00:00
1295,DPM_IMS_PFS,EBA_PFS,true,1999-01-01 00:00:00,9999-12-31 00:00:00
1296,DPM_IMS_PFS,PRFRMNG_STTS,false,1999-01-01 00:00:00,9999-12-31 00:00:00
1297,DPM_IMS_PFS,DFLT_STTS,false,1999-01-01 00:00:00,9999-12-31 00:00:00
1298,DPM_IMS_PFS,IMPRMNT_STTS,false,1999-01-01 00:00:00,9999-12-31 00:00:00
1299,DPM_IMS_PFS,PRFRMNG_STTS_RSN,false,1999-01-01 00:00:00,9999-12-31 00:00:00
1300,DPM_CPS_CPZ_MCB_MCY_PUR,EBA_MCY,true,1999-01-01 00:00:00,9999-12-31 00:00:00
1301,DPM_CPS_CPZ_MCB_MCY_PUR,EBA_MCB,true,1999-01-01 00:00:00,9999-12-31 00:00:00
1302,DPM_CPS_CPZ_MCB_MCY_PUR,EBA_CPS,true,1999-01-01 00:00:00,9999-12-31 00:00:00
1303,DPM_CPS_CPZ_MCB_MCY_PUR,EBA_CPZ,true,1999-01-01 00:00:00,9999-12-31 00:00:00
1304,DPM_CPS_CPZ_MCB_MCY_PUR,EBA_PUR,true,1999-01-01 00:00:00,9999-12-31 00:00:00
1305,DPM_CPS_CPZ_MCB_MCY_PUR,TYP_INSTRMNT,false,1999-01-01 00:00:00,9999-12-31 00:00:00
1306,DPM_CPS_CPZ_MCB_MCY_PUR,NGTBL_SCRTY_INDCTR,false,1999-01-01 00:00:00,9999-12-31 00:00:00
1307,DPM_BAS_CPS_MCY_APL,MN_DBTR_INDCTR,false,1999-01-01 00:00:00,9999-12-31 00:00:00
1308,DPM_BAS_CPS_MCY_APL,TYP_INSTRMNT,false,1999-01-01 00:00:00,9999-12-31 00:00:00
1309,DPM_BAS_CPS_MCY_APL,NGTBL_SCRTY_INDCTR,false,1999-01-01 00:00:00,9999-12-31 00:00:00
1310,DPM_BAS_CPS_MCY_APL,ACCNTNG_CLSSFCTN,false,1999-01-01 00:00:00,9999-12-31 00:00:00
1311,DPM_BAS_CPS_MCY_APL,TYP_ACCNTNG_ITM,false,1999-01-01 00:00:00,9999-12-31 00:00:00
1312,DPM_BAS_CPS_MCY_APL,HLD_SL_INDCTR,false,1999-01-01 00:00:00,9999-12-31 00:00:00
1313,DPM_BAS_CPS_MCY_APL,SBJCT_IMPRMNT_INDCTR,false,1999-01-01 00:00:00,9999-12-31 00:00:00
1314,DPM_IMS_PFS_TPD,EBA_IMS,true,1999-01-01 00:00:00,9999-12-31 00:00:00
1315,DPM_IMS_PFS_TPD,EBA_PFS,true,1999-01-01 00:00:00,9999-12-31 00:00:00
1316,DPM_IMS_PFS_TPD,EBA_TPD,true,1999-01-01 00:00:00,9999-12-31 00:00:00
1317,DPM_IMS_PFS_TPD,PRFRMNG_STTS,false,1999-01-01 00:00:00,9999-12-31 00:00:00
1318,DPM_IMS_PFS_TPD,DFLT_STTS,false,1999-01-01 00:00:00,9999-12-31 00:00:00
1319,DPM_IMS_PFS_TPD,IMPRMNT_STTS,false,1999-01-01 00:00:00,9999-12-31 00:00:00
1320,DPM_MCE_APL_RPR,EBA_MCE,true,1999-01-01 00:00:00,9999-12-31 00:00:00
1321,DPM_MCE_APL_RPR,EBA_APL,true,1999-01-01 00:00:00,9999-12-31 00:00:00
1322,DPM_MCE_APL_RPR,EBA_RPR,true,1999-01-01 00:00:00,9999-12-31 00:00:00
1323,DPM_MCE_APL_RPR,ACCNTNG_CLSSFCTN,false,1999-01-01 00:00:00,9999-12-31 00:00:00
1324,DPM_BAS_CPS_MCY_APL,PRTY_RL_TYP,false,1999-01-01 00:00:00,9999-12-31 00:00:00
1325,DPM_MCE_APL_RPR,MSRMNT_MTHD,false,1999-01-01 00:00:00,9999-12-31 00:00:00
1326,DPM_BAS_MCY_APL_RPR,EBA_MCY,true,1999-01-01 00:00:00,9999-12-31 00:00:00
1327,DPM_BAS_MCY_APL_RPR,EBA_APL,true,1999-01-01 00:00:00,9999-12-31 00:00:00
1328,DPM_BAS_MCY_APL_RPR,EBA_BAS,true,1999-01-01 00:00:00,9999-12-31 00:00:00
1329,DPM_BAS_MCY_APL_RPR,EBA_RPR,true,1999-01-01 00:00:00,9999-12-31 00:00:00
1330,DPM_BAS_MCY_APL_RPR,TYP_INSTRMNT,false,1999-01-01 00:00:00,9999-12-31 00:00:00
1331,DPM_md249,EBA_md249,true,1999-01-01 00:00:00,9999-12-31 00:00:00
1332,DPM_md249,FV_CHNG,false,1999-01-01 00:00:00,9999-12-31 00:00:00
1333,DPM_md251,EBA_md251,true,1999-01-01 00:00:00,9999-12-31 00:00:00
1334,DPM_md252,EBA_md252,true,1999-01-01 00:00:00,9999-12-31 00:00:00
1335,DPM_md254,EBA_md254,true,1999-01-01 00:00:00,9999-12-31 00:00:00
1336,DPM_md46,EBA_md46,true,1999-01-01 00:00:00,9999-12-31 00:00:00
1337,DPM_md509,EBA_md509,true,1999-01-01 00:00:00,9999-12-31 00:00:00
1338,DPM_md510,EBA_md510,true,1999-01-01 00:00:00,9999-12-31 00:00:00
1339,DPM_md511,EBA_md511,true,1999-01-01 00:00:00,9999-12-31 00:00:00
1340,DPM_md512,EBA_md512,true,1999-01-01 00:00:00,9999-12-31 00:00:00
1341,DPM_md513,EBA_md513,true,1999-01-01 00:00:00,9999-12-31 00:00:00
1342,DPM_md514,EBA_md514,true,1999-01-01 00:00:00,9999-12-31 00:00:00
1343,DPM_md515,EBA_md515,true,1999-01-01 00:00:00,9999-12-31 00:00:00
1344,DPM_md516,EBA_md516,true,1999-01-01 00:00:00,9999-12-31 00:00:00
1345,DPM_md59,EBA_md59,true,1999-01-01 00:00:00,9999-12-31 00:00:00
1346,DPM_md60,EBA_md60,true,1999-01-01 00:00:00,9999-12-31 00:00:00
1347,DPM_md62,EBA_md62,true,1999-01-01 00:00:00,9999-12-31 00:00:00
1348,DPM_md67,EBA_md67,true,1999-01-01 00:00:00,9999-12-31 00:00:00
1349,DPM_md69,EBA_md69,true,1999-01-01 00:00:00,9999-12-31 00:00:00
1350,DPM_md70,EBA_md70,true,1999-01-01 00:00:00,9999-12-31 00:00:00
1351,DPM_CPS_CPZ_MCB_MCY_PUR,RPYMNT_RGHTS,false,1999-01-01 00:00:00,9999-12-31 00:00:00
1352,DPM_CPS_CPZ_MCB_MCY_PUR,INSTTTNL_SCTR,false,1999-01-01 00:00:00,9999-12-31 00:00:00
1353,DPM_CPS_CPZ_MCB_MCY_PUR,MLTLTRL_DVLPMNT_BNK_INDCTR,false,1999-01-01 00:00:00,9999-12-31 00:00:00
1354,DPM_CPS_CPZ_MCB_MCY_PUR,PRTY_RL_TYP,false,1999-01-01 00:00:00,9999-12-31 00:00:00
1355,DPM_CPS_CPZ_MCB_MCY_PUR,MN_DBTR_INDCTR,false,1999-01-01 00:00:00,9999-12-31 00:00:00
1356,DPM_CPS_CPZ_MCB_MCY_PUR,ENTRPRS_SZ,false,1999-01-01 00:00:00,9999-12-31 00:00:00
1357,DPM_CPS_CPZ_MCB_MCY_PUR,PRPS,false,1999-01-01 00:00:00,9999-12-31 00:00:00
1358,DPM_CPS_MCB_MCU_MCY,EBA_MCY,true,1999-01-01 00:00:00,9999-12-31 00:00:00
1359,DPM_CPS_MCB_MCU_MCY,EBA_MCB,true,1999-01-01 00:00:00,9999-12-31 00:00:00
1360,DPM_CPS_MCB_MCU_MCY,EBA_MCU,true,1999-01-01 00:00:00,9999-12-31 00:00:00
1361,DPM_CPS_MCB_MCU_MCY,EBA_CPS,true,1999-01-01 00:00:00,9999-12-31 00:00:00
1362,DPM_CPS_MCB_MCU_MCY,INSTTTNL_SCTR,false,1999-01-01 00:00:00,9999-12-31 00:00:00
1363,DPM_CPS_MCB_MCU_MCY,MLTLTRL_DVLPMNT_BNK_INDCTR,false,1999-01-01 00:00:00,9999-12-31 00:00:00
1364,DPM_CPS_MCB_MCU_MCY,PRTY_RL_TYP,false,1999-01-01 00:00:00,9999-12-31 00:00:00
1365,DPM_CPS_MCB_MCU_MCY,MN_DBTR_INDCTR,false,1999-01-01 00:00:00,9999-12-31 00:00:00
1366,DPM_CPS_MCB_MCU_MCY,TYP_INSTRMNT,false,1999-01-01 00:00:00,9999-12-31 00:00:00
1367,DPM_CPS_MCB_MCU_MCY,NGTBL_SCRTY_INDCTR,false,1999-01-01 00:00:00,9999-12-31 00:00:00
1368,DPM_BAS_CPS_CPZ_MCB_MCG_MCY_MCP_PUR_APL,EBA_BAS,true,1999-01-01 00:00:00,9999-12-31 00:00:00
1369,DPM_BAS_CPS_CPZ_MCB_MCG_MCY_MCP_PUR_APL,EBA_MCY,true,1999-01-01 00:00:00,9999-12-31 00:00:00
1370,DPM_BAS_CPS_CPZ_MCB_MCG_MCY_MCP_PUR_APL,EBA_MCP,true,1999-01-01 00:00:00,9999-12-31 00:00:00
1371,DPM_BAS_CPS_CPZ_MCB_MCG_MCY_MCP_PUR_APL,EBA_APL,true,1999-01-01 00:00:00,9999-12-31 00:00:00
1372,DPM_BAS_CPS_CPZ_MCB_MCG_MCY_MCP_PUR_APL,EBA_CPS,true,1999-01-01 00:00:00,9999-12-31 00:00:00
1373,DPM_BAS_CPS_CPZ_MCB_MCG_MCY_MCP_PUR_APL,EBA_CPZ,true,1999-01-01 00:00:00,9999-12-31 00:00:00
1374,DPM_BAS_CPS_CPZ_MCB_MCG_MCY_MCP_PUR_APL,EBA_MCG,true,1999-01-01 00:00:00,9999-12-31 00:00:00
1375,DPM_BAS_CPS_CPZ_MCB_MCG_MCY_MCP_PUR_APL,EBA_PUR,true,1999-01-01 00:00:00,9999-12-31 00:00:00
1376,DPM_BAS_CPS_CPZ_MCB_MCG_MCY_MCP_PUR_APL,EBA_MCB,true,1999-01-01 00:00:00,9999-12-31 00:00:00
1377,DPM_BAS_CPS_CPZ_MCB_MCG_MCY_MCP_PUR_APL,TYP_ACCNTNG_ITM,false,1999-01-01 00:00:00,9999-12-31 00:00:00
1378,DPM_BAS_CPS_CPZ_MCB_MCG_MCY_MCP_PUR_APL,ACCNTNG_CLSSFCTN,false,1999-01-01 00:00:00,9999-12-31 00:00:00
1379,DPM_BAS_CPS_CPZ_MCB_MCG_MCY_MCP_PUR_APL,HLD_SL_INDCTR,false,1999-01-01 00:00:00,9999-12-31 00:00:00
1380,DPM_BAS_CPS_CPZ_MCB_MCG_MCY_MCP_PUR_APL,TYP_INSTRMNT,false,1999-01-01 00:00:00,9999-12-31 00:00:00
1381,DPM_BAS_CPS_CPZ_MCB_MCG_MCY_MCP_PUR_APL,NGTBL_SCRTY_INDCTR,false,1999-01-01 00:00:00,9999-12-31 00:00:00
1382,DPM_BAS_MCY_APL_RPR,NGTBL_SCRTY_INDCTR,false,1999-01-01 00:00:00,9999-12-31 00:00:00
1383,DPM_BAS_MCY_APL_RPR,ACCNTNG_CLSSFCTN,false,1999-01-01 00:00:00,9999-12-31 00:00:00
1384,DPM_BAS_MCY_APL_RPR,TYP_ACCNTNG_ITM,false,1999-01-01 00:00:00,9999-12-31 00:00:00
1385,DPM_BAS_MCY_APL_RPR,MSRMNT_MTHD,false,1999-01-01 00:00:00,9999-12-31 00:00:00
1386,DPM_md71,EBA_md71,true,1999-01-01 00:00:00,9999-12-31 00:00:00
1387,DPM_md72,EBA_md72,true,1999-01-01 00:00:00,9999-12-31 00:00:00
1388,DPM_md73,EBA_md73,true,1999-01-01 00:00:00,9999-12-31 00:00:00
1389,DPM_md83,EBA_md83,true,1999-01-01 00:00:00,9999-12-31 00:00:00
1390,DPM_md85,EBA_md85,true,1999-01-01 00:00:00,9999-12-31 00:00:00
1391,DPM_pi221,EBA_pi221,true,1999-01-01 00:00:00,9999-12-31 00:00:00
1392,DPM_pi221,ACCMLTD_EQT_INTRST,false,1999-01-01 00:00:00,9999-12-31 00:00:00
1393,DPM_pi223,EBA_pi223,true,1999-01-01 00:00:00,9999-12-31 00:00:00
1394,DPM_pi223,VTNG_RGHT,false,1999-01-01 00:00:00,9999-12-31 00:00:00
1395,DPM_si168,EBA_si168,true,1999-01-01 00:00:00,9999-12-31 00:00:00
1396,DPM_si168,NM_ENTTY,false,1999-01-01 00:00:00,9999-12-31 00:00:00
1397,DPM_si169,EBA_si169,true,1999-01-01 00:00:00,9999-12-31 00:00:00
1398,DPM_si288,EBA_si288,true,1999-01-01 00:00:00,9999-12-31 00:00:00
1399,DPM_si288,LEI,false,1999-01-01 00:00:00,9999-12-31 00:00:00
1400,DPM_si289,EBA_si289,true,1999-01-01 00:00:00,9999-12-31 00:00:00
1401,DPM_si299,EBA_si299,true,1999-01-01 00:00:00,9999-12-31 00:00:00
1402,DPM_ei138,EBA_ei138,true,1999-01-01 00:00:00,9999-12-31 00:00:00
1403,DPM_ei152,EBA_ei152,true,1999-01-01 00:00:00,9999-12-31 00:00:00
1404,DPM_ei218,EBA_ei218,true,1999-01-01 00:00:00,9999-12-31 00:00:00
1405,DPM_ei219,EBA_ei219,true,1999-01-01 00:00:00,9999-12-31 00:00:00
1406,DPM_ei219,INSTTTNL_SCTR,false,1999-01-01 00:00:00,9999-12-31 00:00:00
1407,DPM_ei364,EBA_ei364,true,1999-01-01 00:00:00,9999-12-31 00:00:00
1408,DPM_ei365,EBA_ei365,true,1999-01-01 00:00:00,9999-12-31 00:00:00
1409,DPM_BAS_CPS_CPZ_MCB_MCG_MCY_MCP_PUR_APL,RPYMNT_RGHTS,false,1999-01-01 00:00:00,9999-12-31 00:00:00
1410,DPM_BAS_CPS_CPZ_MCB_MCG_MCY_MCP_PUR_APL,INSTTTNL_SCTR,false,1999-01-01 00:00:00,9999-12-31 00:00:00
1411,DPM_BAS_CPS_CPZ_MCB_MCG_MCY_MCP_PUR_APL,MLTLTRL_DVLPMNT_BNK_INDCTR,false,1999-01-01 00:00:00,9999-12-31 00:00:00
1412,DPM_BAS_CPS_CPZ_MCB_MCG_MCY_MCP_PUR_APL,PRTY_RL_TYP,false,1999-01-01 00:00:00,9999-12-31 00:00:00
1413,DPM_BAS_CPS_CPZ_MCB_MCG_MCY_MCP_PUR_APL,MN_DBTR_INDCTR,false,1999-01-01 00:00:00,9999-12-31 00:00:00
1414,DPM_BAS_CPS_CPZ_MCB_MCG_MCY_MCP_PUR_APL,ENTRPRS_SZ,false,1999-01-01 00:00:00,9999-12-31 00:00:00
1415,DPM_BAS_CPS_CPZ_MCB_MCG_MCY_MCP_PUR_APL,PRPS,false,1999-01-01 00:00:00,9999-12-31 00:00:00
1416,DPM_BAS_CPS_CPZ_MCB_MCG_MCY_MCP_PUR_APL,SBJCT_IMPRMNT_INDCTR,false,1999-01-01 00:00:00,9999-12-31 00:00:00
1417,DPM_IMS_PFS_TPD_2.9,EBA_IMS,true,1999-01-01 00:00:00,9999-12-31 00:00:00
1418,DPM_IMS_PFS_TPD_2.9,EBA_PFS,true,1999-01-01 00:00:00,9999-12-31 00:00:00
1419,DPM_IMS_PFS_TPD_2.9,EBA_TPD,true,1999-01-01 00:00:00,9999-12-31 00:00:00
1420,DPM_IMS_PFS_TPD_2.9,IMPRMNT_STTS,false,1999-01-01 00:00:00,9999-12-31 00:00:00
1421,DPM_IMS_PFS_TPD_2.9,PRFRMNG_STTS,false,1999-01-01 00:00:00,9999-12-31 00:00:00
1422,DPM_PAF,EBA_PAF,true,1999-01-01 00:00:00,9999-12-31 00:00:00
1423,DPM_PAF,APPLCTN_FRBRNC_STTS_DT,false,1999-01-01 00:00:00,9999-12-31 00:00:00
1424,DPM_TFM,EBA_TFM,true,1999-01-01 00:00:00,9999-12-31 00:00:00
1425,DPM_TFM,FRBRNC_MSR_TYP,false,1999-01-01 00:00:00,9999-12-31 00:00:00
1426,DPM_FRS,EBA_FRS,true,1999-01-01 00:00:00,9999-12-31 00:00:00
1427,DPM_MCP,EBA_MCP,true,1999-01-01 00:00:00,9999-12-31 00:00:00
1428,DPM_ALO,EBA_ALO,true,1999-01-01 00:00:00,9999-12-31 00:00:00
1429,DPM_ALO,IMPRMNT_ASSSSMNT_MTHD,false,1999-01-01 00:00:00,9999-12-31 00:00:00
1430,DPM_RCP,EBA_RCP,true,1999-01-01 00:00:00,9999-12-31 00:00:00
1431,DPM_di113,EBA_di113,true,1999-01-01 00:00:00,9999-12-31 00:00:00
1432,DPM_di113,DT_ENTRY,false,1999-01-01 00:00:00,9999-12-31 00:00:00
1433,DPM_mi772,EBA_mi772,true,1999-01-01 00:00:00,9999-12-31 00:00:00
1434,DPM_md677,EBA_md677,true,1999-01-01 00:00:00,9999-12-31 00:00:00
1435,DPM_md771,EBA_md771,true,1999-01-01 00:00:00,9999-12-31 00:00:00
1436,DPM_mi679,EBA_mi679,true,1999-01-01 00:00:00,9999-12-31 00:00:00
1437,DPM_mi678,EBA_mi678,true,1999-01-01 00:00:00,9999-12-31 00:00:00
1438,DPM_mi66,EBA_mi66,true,1999-01-01 00:00:00,9999-12-31 00:00:00
1439,DPM_md675,EBA_md675,true,1999-01-01 00:00:00,9999-12-31 00:00:00
1440,DPM_md675,GRSS_CRRYNG_AMNT,false,1999-01-01 00:00:00,9999-12-31 00:00:00
1441,DPM_ii676,EBA_ii676,true,1999-01-01 00:00:00,9999-12-31 00:00:00
1442,DPM_mi770,EBA_mi770,true,1999-01-01 00:00:00,9999-12-31 00:00:00
1443,DPM_mi770,CLLTRL_VL_UNCPPD,false,1999-01-01 00:00:00,9999-12-31 00:00:00
1444,DPM_md683,EBA_md683,true,1999-01-01 00:00:00,9999-12-31 00:00:00
1445,DPM_md684,EBA_md684,true,1999-01-01 00:00:00,9999-12-31 00:00:00
1446,DPM_md685,EBA_md685,true,1999-01-01 00:00:00,9999-12-31 00:00:00
1447,DPM_IMS_PFS_TPD_F_18.02,EBA_IMS,true,1999-01-01 00:00:00,9999-12-31 00:00:00
1448,DPM_IMS_PFS_TPD_F_18.02,EBA_PFS,true,1999-01-01 00:00:00,9999-12-31 00:00:00
1449,DPM_IMS_PFS_TPD_F_18.02,EBA_TPD,true,1999-01-01 00:00:00,9999-12-31 00:00:00
1450,DPM_IMS_PFS_TPD_F_18.02,PRFRMNG_STTS,false,1999-01-01 00:00:00,9999-12-31 00:00:00
1451,DPM_IMS_PFS_TPD_F_18.02,DFLT_STTS,false,1999-01-01 00:00:00,9999-12-31 00:00:00
1452,DPM_IMS_PFS_TPD_F_18.02,PRFRMNG_STTS_RSN,false,1999-01-01 00:00:00,9999-12-31 00:00:00
1453,DPM_PFS_F_26.00.b,EBA_PFS,true,1999-01-01 00:00:00,9999-12-31 00:00:00
1454,DPM_PFS_F_26.00.b,PRFRMNG_STTS,false,1999-01-01 00:00:00,9999-12-31 00:00:00
1455,DPM_PFS_F_26.00.b,PRFRMNG_STTS_RSN,false,1999-01-01 00:00:00,9999-12-31 00:00:00
1456,DPM_CPS_MCE_TYH_IMS_APL,EBA_MCE,true,1999-01-01 00:00:00,9999-12-31 00:00:00
1457,DPM_CPS_MCE_TYH_IMS_APL,EBA_APL,true,1999-01-01 00:00:00,9999-12-31 00:00:00
1458,DPM_CPS_MCE_TYH_IMS_APL,EBA_CPS,true,1999-01-01 00:00:00,9999-12-31 00:00:00
1459,DPM_CPS_MCE_TYH_IMS_APL,EBA_TYH,true,1999-01-01 00:00:00,9999-12-31 00:00:00
1460,DPM_CPS_MCE_TYH_IMS_APL,EBA_IMS,true,1999-01-01 00:00:00,9999-12-31 00:00:00
1461,DPM_CPS_MCE_TYH_IMS_APL,IMPRMNT_STTS,false,1999-01-01 00:00:00,9999-12-31 00:00:00
1462,DPM_CPS_MCE_TYH_IMS_APL,TYP_HDG,false,1999-01-01 00:00:00,9999-12-31 00:00:00
1463,DPM_CPS_MCE_TYH_IMS_APL,INSTTTNL_SCTR,false,1999-01-01 00:00:00,9999-12-31 00:00:00
1464,DPM_CPS_MCE_TYH_IMS_APL,MLTLTRL_DVLPMNT_BNK_INDCTR,false,1999-01-01 00:00:00,9999-12-31 00:00:00
1465,DPM_CPS_MCE_TYH_IMS_APL,PRTY_RL_TYP,false,1999-01-01 00:00:00,9999-12-31 00:00:00
1466,DPM_CPS_MCE_TYH_IMS_APL,MN_DBTR_INDCTR,false,1999-01-01 00:00:00,9999-12-31 00:00:00
1467,DPM_CPS_MCE_TYH_IMS_APL,ACCNTNG_CLSSFCTN,false,1999-01-01 00:00:00,9999-12-31 00:00:00
1468,DPM_CPS_MCE_TYH_IMS_APL,HLD_SL_INDCTR,false,1999-01-01 00:00:00,9999-12-31 00:00:00
1469,DPM_CPS_MCE_TYH_IMS_APL,NGTBL_SCRTY_INDCTR,false,1999-01-01 00:00:00,9999-12-31 00:00:00
1470,DPM_CPS_MCE_TYH_IMS_APL,SBJCT_IMPRMNT_INDCTR,false,1999-01-01 00:00:00,9999-12-31 00:00:00
1471,DPM_TIS,EBA_TIS,true,1999-01-01 00:00:00,9999-12-31 00:00:00
1472,DPM_TIS,TRNSFR_IMPRMNT_STGS,false,1999-01-01 00:00:00,9999-12-31 00:00:00
1473,DPM_md686,EBA_md686,true,1999-01-01 00:00:00,9999-12-31 00:00:00
1474,DPM_md687,EBA_md687,true,1999-01-01 00:00:00,9999-12-31 00:00:00
1475,DPM_mi688,EBA_mi688,true,1999-01-01 00:00:00,9999-12-31 00:00:00
1476,DPM_mi689,EBA_mi689,true,1999-01-01 00:00:00,9999-12-31 00:00:00
1477,DPM_ri695,EBA_ri695,true,1999-01-01 00:00:00,9999-12-31 00:00:00
1478,DPM_mi696,EBA_mi696,true,1999-01-01 00:00:00,9999-12-31 00:00:00
1479,DPM_mi697,EBA_mi697,true,1999-01-01 00:00:00,9999-12-31 00:00:00
1480,DPM_ri769,EBA_ri769,true,1999-01-01 00:00:00,9999-12-31 00:00:00
1481,DPM_ii699,EBA_ii699,true,1999-01-01 00:00:00,9999-12-31 00:00:00
1482,DPM_mi690,EBA_mi690,true,1999-01-01 00:00:00,9999-12-31 00:00:00
1483,DPM_mi690,GCA_EXPSR_DRCGNSD_EXCHNG_CLLTRL,false,1999-01-01 00:00:00,9999-12-31 00:00:00
1484,DPM_mi691,EBA_mi691,true,1999-01-01 00:00:00,9999-12-31 00:00:00
1485,DPM_mi692,EBA_mi692,true,1999-01-01 00:00:00,9999-12-31 00:00:00
1486,DPM_CPS_MCY_TMA,EBA_MCY,true,1999-01-01 00:00:00,9999-12-31 00:00:00
1487,DPM_CPS_MCY_TMA,EBA_CPS,true,1999-01-01 00:00:00,9999-12-31 00:00:00
1488,DPM_CPS_MCY_TMA,EBA_TMA,true,1999-01-01 00:00:00,9999-12-31 00:00:00
1489,DPM_CPS_MCY_TMA,INSTTTNL_SCTR,false,1999-01-01 00:00:00,9999-12-31 00:00:00
1490,DPM_CPS_MCY_TMA,MLTLTRL_DVLPMNT_BNK_INDCTR,false,1999-01-01 00:00:00,9999-12-31 00:00:00
1491,DPM_CPS_MCY_TMA,PRTY_RL_TYP,false,1999-01-01 00:00:00,9999-12-31 00:00:00
1492,DPM_CPS_MCY_TMA,MN_DBTR_INDCTR,false,1999-01-01 00:00:00,9999-12-31 00:00:00
1493,DPM_CPS_MCY_TMA,TYP_INSTRMNT,false,1999-01-01 00:00:00,9999-12-31 00:00:00
1494,DPM_CPS_MCY_TMA,NGTBL_SCRTY_INDCTR,false,1999-01-01 00:00:00,9999-12-31 00:00:00
1495,DPM_mi693,EBA_mi693,true,1999-01-01 00:00:00,9999-12-31 00:00:00
1496,DPM_ii694,EBA_ii694,true,1999-01-01 00:00:00,9999-12-31 00:00:00
1497,DPM_mi682,EBA_mi682,true,1999-01-01 00:00:00,9999-12-31 00:00:00
1498,DPM_si477,EBA_si477,true,1999-01-01 00:00:00,9999-12-31 00:00:00
1499,DPM_si476,EBA_si476,true,1999-01-01 00:00:00,9999-12-31 00:00:00
1500,DPM_si475,EBA_si475,true,1999-01-01 00:00:00,9999-12-31 00:00:00
1501,DPM_si475,NM_ENTTY,false,1999-01-01 00:00:00,9999-12-31 00:00:00
1502,DPM_BAS,EBA_BAS,true,1999-01-01 00:00:00,9999-12-31 00:00:00
1503,DPM_BAS,TYP_ACCNTNG_ITM,false,1999-01-01 00:00:00,9999-12-31 00:00:00
1504,DPM_BAS_APL,EBA_APL,true,1999-01-01 00:00:00,9999-12-31 00:00:00
1505,DPM_BAS_APL,EBA_BAS,true,1999-01-01 00:00:00,9999-12-31 00:00:00
1506,DPM_BAS_APL,ACCNTNG_CLSSFCTN,false,1999-01-01 00:00:00,9999-12-31 00:00:00
1507,DPM_BAS_APL,TYP_ACCNTNG_ITM,false,1999-01-01 00:00:00,9999-12-31 00:00:00
1508,DPM_BAS_APL,HLD_SL_INDCTR,false,1999-01-01 00:00:00,9999-12-31 00:00:00
1509,DPM_BAS_APL,SBJCT_IMPRMNT_INDCTR,false,1999-01-01 00:00:00,9999-12-31 00:00:00
1510,DPM_CPS,EBA_CPS,true,1999-01-01 00:00:00,9999-12-31 00:00:00
1511,DPM_CPS,INSTTTNL_SCTR,false,1999-01-01 00:00:00,9999-12-31 00:00:00
1512,DPM_CPS,MLTLTRL_DVLPMNT_BNK_INDCTR,false,1999-01-01 00:00:00,9999-12-31 00:00:00
1513,DPM_CPS,PRTY_RL_TYP,false,1999-01-01 00:00:00,9999-12-31 00:00:00
1514,DPM_CPS,MN_DBTR_INDCTR,false,1999-01-01 00:00:00,9999-12-31 00:00:00
1515,DPM_MCB_MCY,EBA_MCY,true,1999-01-01 00:00:00,9999-12-31 00:00:00
1516,DPM_MCB_MCY,EBA_MCB,true,1999-01-01 00:00:00,9999-12-31 00:00:00
1517,DPM_MCB_MCY,TYP_INSTRMNT,false,1999-01-01 00:00:00,9999-12-31 00:00:00
1518,DPM_MCB_MCY,NGTBL_SCRTY_INDCTR,false,1999-01-01 00:00:00,9999-12-31 00:00:00
1519,DPM_MCB_MCY,RPYMNT_RGHTS,false,1999-01-01 00:00:00,9999-12-31 00:00:00
1520,DPM_MCB_MCY,PRJCT_FNNC_LN,false,1999-01-01 00:00:00,9999-12-31 00:00:00
1521,DPM_MCG,EBA_MCG,true,1999-01-01 00:00:00,9999-12-31 00:00:00
1522,DPM_MCG,TYP_CLLTRL,false,1999-01-01 00:00:00,9999-12-31 00:00:00
1523,DPM_PUR,EBA_PUR,true,1999-01-01 00:00:00,9999-12-31 00:00:00
1524,DPM_PUR,PRPS,false,1999-01-01 00:00:00,9999-12-31 00:00:00
1525,DPM_CPS_CPZ,EBA_CPS,true,1999-01-01 00:00:00,9999-12-31 00:00:00
1526,DPM_CPS_CPZ,EBA_CPZ,true,1999-01-01 00:00:00,9999-12-31 00:00:00
1527,DPM_CPS_CPZ,INSTTTNL_SCTR,false,1999-01-01 00:00:00,9999-12-31 00:00:00
1528,DPM_CPS_CPZ,MLTLTRL_DVLPMNT_BNK_INDCTR,false,1999-01-01 00:00:00,9999-12-31 00:00:00
1529,DPM_CPS_CPZ,PRTY_RL_TYP,false,1999-01-01 00:00:00,9999-12-31 00:00:00
1530,DPM_CPS_CPZ,MN_DBTR_INDCTR,false,1999-01-01 00:00:00,9999-12-31 00:00:00
1531,DPM_CPS_CPZ,ENTRPRS_SZ,false,1999-01-01 00:00:00,9999-12-31 00:00:00
1532,DPM_MCB_MCY_2.9,EBA_MCY,true,1999-01-01 00:00:00,9999-12-31 00:00:00
1533,DPM_MCB_MCY_2.9,EBA_MCB,true,1999-01-01 00:00:00,9999-12-31 00:00:00
1534,DPM_MCB_MCY_2.9,TYP_INSTRMNT,false,1999-01-01 00:00:00,9999-12-31 00:00:00
1535,DPM_MCB_MCY_2.9,NGTBL_SCRTY_INDCTR,false,1999-01-01 00:00:00,9999-12-31 00:00:00
1536,DPM_MCB_MCY_2.9,CMMRCL_RL_ESTT_LN_INDCTR,false,1999-01-01 00:00:00,9999-12-31 00:00:00
1537,DPM_PFS,EBA_PFS,true,1999-01-01 00:00:00,9999-12-31 00:00:00
1538,DPM_PFS,PRFRMNG_STTS,false,1999-01-01 00:00:00,9999-12-31 00:00:00
1539,DPM_REF,EBA_REF,true,1999-01-01 00:00:00,9999-12-31 00:00:00
1540,DPM_FBS,EBA_FBS,true,1999-01-01 00:00:00,9999-12-31 00:00:00
1541,DPM_MCB_MCY_MCG,EBA_MCY,true,1999-01-01 00:00:00,9999-12-31 00:00:00
1542,DPM_MCB_MCY_MCG,EBA_MCG,true,1999-01-01 00:00:00,9999-12-31 00:00:00
1543,DPM_MCB_MCY_MCG,EBA_MCB,true,1999-01-01 00:00:00,9999-12-31 00:00:00
1544,DPM_MCB_MCY_MCG,TYP_INSTRMNT,false,1999-01-01 00:00:00,9999-12-31 00:00:00
1545,DPM_MCB_MCY_MCG,NGTBL_SCRTY_INDCTR,false,1999-01-01 00:00:00,9999-12-31 00:00:00
1546,DPM_MCB_MCY_MCG,CMMRCL_RL_ESTT_LN_INDCTR,false,1999-01-01 00:00:00,9999-12-31 00:00:00
1547,DPM_MCB_MCY_MCG,TYP_CLLTRL,false,1999-01-01 00:00:00,9999-12-31 00:00:00
1548,DPM_PFS_TPD,EBA_PFS,true,1999-01-01 00:00:00,9999-12-31 00:00:00
1549,DPM_PFS_TPD,EBA_TPD,true,1999-01-01 00:00:00,9999-12-31 00:00:00
1550,DPM_PFS_TPD,PRFRMNG_STTS,false,1999-01-01 00:00:00,9999-12-31 00:00:00
1551,DPM_FLW,EBA_FLW,true,1999-01-01 00:00:00,9999-12-31 00:00:00
1552,DPM_CPS_CPZ_MCC_MCG_MCY_PUR,EBA_MCC,true,1999-01-01 00:00:00,9999-12-31 00:00:00
1553,DPM_CPS_CPZ_MCC_MCG_MCY_PUR,EBA_MCY,true,1999-01-01 00:00:00,9999-12-31 00:00:00
1554,DPM_CPS_CPZ_MCC_MCG_MCY_PUR,EBA_CPS,true,1999-01-01 00:00:00,9999-12-31 00:00:00
1555,DPM_CPS_CPZ_MCC_MCG_MCY_PUR,EBA_MCG,true,1999-01-01 00:00:00,9999-12-31 00:00:00
1556,DPM_CPS_CPZ_MCC_MCG_MCY_PUR,EBA_PUR,true,1999-01-01 00:00:00,9999-12-31 00:00:00
1557,DPM_CPS_CPZ_MCC_MCG_MCY_PUR,EBA_CPZ,true,1999-01-01 00:00:00,9999-12-31 00:00:00
1558,DPM_CPS_CPZ_MCC_MCG_MCY_PUR,TYP_INSTRMNT,false,1999-01-01 00:00:00,9999-12-31 00:00:00
1559,DPM_CPS_CPZ_MCC_MCG_MCY_PUR,NGTBL_SCRTY_INDCTR,false,1999-01-01 00:00:00,9999-12-31 00:00:00
1560,DPM_CPS_CPZ_MCC_MCG_MCY_PUR,INSTTTNL_SCTR,false,1999-01-01 00:00:00,9999-12-31 00:00:00
1561,DPM_CPS_CPZ_MCC_MCG_MCY_PUR,MLTLTRL_DVLPMNT_BNK_INDCTR,false,1999-01-01 00:00:00,9999-12-31 00:00:00
1562,DPM_CPS_CPZ_MCC_MCG_MCY_PUR,PRTY_RL_TYP,false,1999-01-01 00:00:00,9999-12-31 00:00:00
1563,DPM_CPS_CPZ_MCC_MCG_MCY_PUR,MN_DBTR_INDCTR,false,1999-01-01 00:00:00,9999-12-31 00:00:00
1564,DPM_CPS_CPZ_MCC_MCG_MCY_PUR,ENTRPRS_SZ,false,1999-01-01 00:00:00,9999-12-31 00:00:00
1565,DPM_CPS_CPZ_MCC_MCG_MCY_PUR,PRPS,false,1999-01-01 00:00:00,9999-12-31 00:00:00
1566,DPM_BAS_MCP_MCY,EBA_BAS,true,1999-01-01 00:00:00,9999-12-31 00:00:00
1567,DPM_BAS_MCP_MCY,EBA_MCY,true,1999-01-01 00:00:00,9999-12-31 00:00:00
1568,DPM_BAS_MCP_MCY,EBA_MCP,true,1999-01-01 00:00:00,9999-12-31 00:00:00
1569,DPM_BAS_MCP_MCY,TYP_ACCNTNG_ITM,false,1999-01-01 00:00:00,9999-12-31 00:00:00
1570,DPM_BAS_MCP_MCY,TYP_INSTRMNT,false,1999-01-01 00:00:00,9999-12-31 00:00:00
1571,DPM_BAS_MCP_MCY,NGTBL_SCRTY_INDCTR,false,1999-01-01 00:00:00,9999-12-31 00:00:00
1572,DPM_BAS_MDC_MCP_MCY_RPR,EBA_BAS,true,1999-01-01 00:00:00,9999-12-31 00:00:00
1573,DPM_BAS_MDC_MCP_MCY_RPR,EBA_MCY,true,1999-01-01 00:00:00,9999-12-31 00:00:00
1574,DPM_BAS_MDC_MCP_MCY_RPR,EBA_MCP,true,1999-01-01 00:00:00,9999-12-31 00:00:00
1575,DPM_BAS_MDC_MCP_MCY_RPR,EBA_MCD,true,1999-01-01 00:00:00,9999-12-31 00:00:00
1576,DPM_BAS_MDC_MCP_MCY_RPR,EBA_RPR,true,1999-01-01 00:00:00,9999-12-31 00:00:00
1577,DPM_BAS_MDC_MCP_MCY_RPR,TYP_ACCNTNG_ITM,false,1999-01-01 00:00:00,9999-12-31 00:00:00
1578,DPM_BAS_MDC_MCP_MCY_RPR,TYP_INSTRMNT,false,1999-01-01 00:00:00,9999-12-31 00:00:00
1579,DPM_BAS_MDC_MCP_MCY_RPR,NGTBL_SCRTY_INDCTR,false,1999-01-01 00:00:00,9999-12-31 00:00:00
1580,DPM_TRI,EBA_TRI,true,1999-01-01 00:00:00,9999-12-31 00:00:00
1581,DPM_TRI,TYP_RSK,false,1999-01-01 00:00:00,9999-12-31 00:00:00
1582,DPM_LEC_1,EBA_LEC,true,1999-01-01 00:00:00,9999-12-31 00:00:00
1583,DPM_MCI,EBA_MCI,true,1999-01-01 00:00:00,9999-12-31 00:00:00
1584,DPM_TMA,EBA_TMA,true,1999-01-01 00:00:00,9999-12-31 00:00:00
1585,DPM_CPS_MCY,EBA_MCY,true,1999-01-01 00:00:00,9999-12-31 00:00:00
1586,DPM_CPS_MCY,EBA_CPS,true,1999-01-01 00:00:00,9999-12-31 00:00:00
1587,DPM_CPS_MCY,INSTTTNL_SCTR,false,1999-01-01 00:00:00,9999-12-31 00:00:00
1588,DPM_CPS_MCY,MLTLTRL_DVLPMNT_BNK_INDCTR,false,1999-01-01 00:00:00,9999-12-31 00:00:00
1589,DPM_CPS_MCY,PRTY_RL_TYP,false,1999-01-01 00:00:00,9999-12-31 00:00:00
1590,DPM_CPS_MCY,MN_DBTR_INDCTR,false,1999-01-01 00:00:00,9999-12-31 00:00:00
1591,DPM_CPS_MCY,TYP_INSTRMNT,false,1999-01-01 00:00:00,9999-12-31 00:00:00
1592,DPM_CPS_MCY,NGTBL_SCRTY_INDCTR,false,1999-01-01 00:00:00,9999-12-31 00:00:00
1593,DPM_TYH,EBA_TYH,true,1999-01-01 00:00:00,9999-12-31 00:00:00
1594,DPM_TYH,TYP_HDG,false,1999-01-01 00:00:00,9999-12-31 00:00:00
1595,DPM_BAS_CNO_MCB_MCY_APL,EBA_MCY,true,1999-01-01 00:00:00,9999-12-31 00:00:00
1596,DPM_BAS_CNO_MCB_MCY_APL,EBA_MCB,true,1999-01-01 00:00:00,9999-12-31 00:00:00
1597,DPM_BAS_CNO_MCB_MCY_APL,EBA_APL,true,1999-01-01 00:00:00,9999-12-31 00:00:00
1598,DPM_BAS_CNO_MCB_MCY_APL,EBA_BAS,true,1999-01-01 00:00:00,9999-12-31 00:00:00
1599,DPM_BAS_CNO_MCB_MCY_APL,EBA_CNO,true,1999-01-01 00:00:00,9999-12-31 00:00:00
1600,DPM_BAS_CNO_MCB_MCY_APL,ACCNTNG_CLSSFCTN,false,1999-01-01 00:00:00,9999-12-31 00:00:00
1601,DPM_BAS_CNO_MCB_MCY_APL,TYP_INSTRMNT,false,1999-01-01 00:00:00,9999-12-31 00:00:00
1602,DPM_BAS_CNO_MCB_MCY_APL,NGTBL_SCRTY_INDCTR,false,1999-01-01 00:00:00,9999-12-31 00:00:00
1603,DPM_BAS_CNO_MCB_MCY_APL,HLD_SL_INDCTR,false,1999-01-01 00:00:00,9999-12-31 00:00:00
1604,DPM_BAS_CNO_MCB_MCY_APL,TYP_ACCNTNG_ITM,false,1999-01-01 00:00:00,9999-12-31 00:00:00
1605,DPM_SCO,EBA_SCO,true,1999-01-01 00:00:00,9999-12-31 00:00:00
1606,DPM_SOL,EBA_SOL,true,1999-01-01 00:00:00,9999-12-31 00:00:00
1607,DPM_SOL,SBJCT_OPRTNG_LS_INDCTR,false,1999-01-01 00:00:00,9999-12-31 00:00:00
1608,DPM_MCE_APL_PLD,EBA_MCE,true,1999-01-01 00:00:00,9999-12-31 00:00:00
1609,DPM_MCE_APL_PLD,EBA_APL,true,1999-01-01 00:00:00,9999-12-31 00:00:00
1610,DPM_MCE_APL_PLD,EBA_PLD,true,1999-01-01 00:00:00,9999-12-31 00:00:00
1611,DPM_MCE_APL_PLD,FVO_DSGNTN,false,1999-01-01 00:00:00,9999-12-31 00:00:00
1612,DPM_MCE_APL_PLD,ACCNTNG_CLSSFCTN,false,1999-01-01 00:00:00,9999-12-31 00:00:00
1613,DPM_MCE_APL_PLD,HLD_SL_INDCTR,false,1999-01-01 00:00:00,9999-12-31 00:00:00
1614,DPM_MCE_APL_PLD,NGTBL_SCRTY_INDCTR,false,1999-01-01 00:00:00,9999-12-31 00:00:00
1615,DPM_MCE_APL_PLD,SBJCT_IMPRMNT_INDCTR,false,1999-01-01 00:00:00,9999-12-31 00:00:00
1616,DPM_ATY_FINREP,EBA_ATY,true,1999-01-01 00:00:00,9999-12-31 00:00:00
1617,DPM_BAS_EXC_MCY_AE_F32.04.b,TYP_INSTRMNT_RL,false,1999-01-01 00:00:00,9999-12-31 00:00:00
1618,DPM_BAS_EXC_MCY_AE_F32.04.b,CLLTRL_RS_INDCTR,false,1999-01-01 00:00:00,9999-12-31 00:00:00
1619,DPM_BAS_EXC_MCY_AE_F32.04.b,CLLTRL_INSTRMNT_RS_INDCTR,false,1999-01-01 00:00:00,9999-12-31 00:00:00
1620,DPM_LQC_AE_F36.02.c,EBA_LQC,true,1999-01-01 00:00:00,9999-12-31 00:00:00
1621,DPM_LQC_AE_F36.02.c,ELGBL_CNTRL_BNK_FNDNG,false,1999-01-01 00:00:00,9999-12-31 00:00:00
1622,DPM_LQC_AE_F32.02.a,EBA_LQC,true,1999-01-01 00:00:00,9999-12-31 00:00:00
1623,DPM_LQC_AE_F32.02.a,ELGBL_CNTRL_BNK_FNDNG,false,1999-01-01 00:00:00,9999-12-31 00:00:00
1624,DPM_LQC_AE_F32.02.a,HQLA_INDCTR,false,1999-01-01 00:00:00,9999-12-31 00:00:00
1625,DPM_BAS_CPE_CPS_MCS_MCY_AE_F32.04.a,EBA_BAS,true,1999-01-01 00:00:00,9999-12-31 00:00:00
1626,DPM_BAS_CPE_CPS_MCS_MCY_AE_F32.04.a,EBA_MCY,true,1999-01-01 00:00:00,9999-12-31 00:00:00
1627,DPM_BAS_CPE_CPS_MCS_MCY_AE_F32.04.a,EBA_MCS,true,1999-01-01 00:00:00,9999-12-31 00:00:00
1628,DPM_BAS_CPE_CPS_MCS_MCY_AE_F32.04.a,EBA_CPE,true,1999-01-01 00:00:00,9999-12-31 00:00:00
1629,DPM_BAS_CPE_CPS_MCS_MCY_AE_F32.04.a,EBA_CPS,true,1999-01-01 00:00:00,9999-12-31 00:00:00
1630,DPM_BAS_CPE_CPS_MCS_MCY_AE_F32.04.a,INSTTTNL_SCTR,false,1999-01-01 00:00:00,9999-12-31 00:00:00
1631,DPM_BAS_CPE_CPS_MCS_MCY_AE_F32.04.a,PRTY_RL_TYP,false,1999-01-01 00:00:00,9999-12-31 00:00:00
1632,DPM_BAS_CPE_CPS_MCS_MCY_AE_F32.04.a,TYP_ACCNTNG_ITM,false,1999-01-01 00:00:00,9999-12-31 00:00:00
1633,DPM_BAS_CPE_CPS_MCS_MCY_AE_F32.04.a,TYP_INSTRMNT,false,1999-01-01 00:00:00,9999-12-31 00:00:00
1634,DPM_BAS_CPE_CPS_MCS_MCY_AE_F32.04.a,NGTBL_SCRTY_INDCTR,false,1999-01-01 00:00:00,9999-12-31 00:00:00
1635,DPM_TMA_AE_F32.04a,EBA_TMA,true,1999-01-01 00:00:00,9999-12-31 00:00:00
1636,DPM_CPC_ECC_MCG_AE_F36.01.b,EBA_MCG,true,1999-01-01 00:00:00,9999-12-31 00:00:00
1637,DPM_CPC_ECC_MCG_AE_F36.01.b,EBA_ECC,true,1999-01-01 00:00:00,9999-12-31 00:00:00
1638,DPM_CPC_ECC_MCG_AE_F36.01.b,EBA_CPC,true,1999-01-01 00:00:00,9999-12-31 00:00:00
1639,DPM_CPC_ECC_MCG_AE_F36.01.b,MLTLTRL_DVLPMNT_BNK_INDCTR,false,1999-01-01 00:00:00,9999-12-31 00:00:00
1640,DPM_RPR_AE_F36,EBA_RPR,true,1999-01-01 00:00:00,9999-12-31 00:00:00
1641,DPM_SCC_AE,EBA_SCC,true,1999-01-01 00:00:00,9999-12-31 00:00:00
1642,DPM_CPC_ECC_MCG_AE_F36.02.b,EBA_MCG,true,1999-01-01 00:00:00,9999-12-31 00:00:00
1643,DPM_CPC_ECC_MCG_AE_F36.02.b,EBA_ECC,true,1999-01-01 00:00:00,9999-12-31 00:00:00
1644,DPM_CPC_ECC_MCG_AE_F36.02.b,EBA_CPC,true,1999-01-01 00:00:00,9999-12-31 00:00:00
1645,DPM_CPC_ECC_MCG_AE_F36.02.b,MLTLTRL_DVLPMNT_BNK_INDCTR,false,1999-01-01 00:00:00,9999-12-31 00:00:00
1646,DPM_CPC_ECC_MCG_AE_F36.02.b,TYP_INSTRMNT_RL,false,1999-01-01 00:00:00,9999-12-31 00:00:00
1647,DPM_REF_RES_AE_F35.00.a,EBA_REF,true,1999-01-01 00:00:00,9999-12-31 00:00:00
1648,DPM_REF_RES_AE_F35.00.a,EBA_RES,true,1999-01-01 00:00:00,9999-12-31 00:00:00
1649,DPM_BAS_MCY_SST_AE_F32.03.b,EBA_BAS,true,1999-01-01 00:00:00,9999-12-31 00:00:00
1650,DPM_BAS_MCY_SST_AE_F32.03.b,EBA_MCY,true,1999-01-01 00:00:00,9999-12-31 00:00:00
1651,DPM_BAS_MCY_SST_AE_F32.03.b,EBA_SST,true,1999-01-01 00:00:00,9999-12-31 00:00:00
1652,DPM_BAS_MCY_SST_AE_F32.03.b,TYP_INSTRMNT,false,1999-01-01 00:00:00,9999-12-31 00:00:00
1653,DPM_BAS_MCY_SST_AE_F32.03.b,NGTBL_SCRTY_INDCTR,false,1999-01-01 00:00:00,9999-12-31 00:00:00
1654,DPM_BAS_MCY_SST_AE_F32.03.b,SCRTY_RNK_LVL,false,1999-01-01 00:00:00,9999-12-31 00:00:00
1655,DPM_ENC_AE_F32.02.a,EBA_ENC,true,1999-01-01 00:00:00,9999-12-31 00:00:00
1656,DPM_ENC_AE_F32.02.a,ENCMBRD_ASST_INDCTR,false,1999-01-01 00:00:00,9999-12-31 00:00:00
1657,DPM_LQA_AE_F32.03.b,EBA_LQA,true,1999-01-01 00:00:00,9999-12-31 00:00:00
1658,DPM_LQA_AE_F32.03.b,ELGBL_CNTRL_BNK_FNDNG,false,1999-01-01 00:00:00,9999-12-31 00:00:00
1659,DPM_LQA_AE_F32.03.b,HQLA_INDCTR,false,1999-01-01 00:00:00,9999-12-31 00:00:00
1660,DPM_BAS_CPS_EXC_MCY_AE_F36.01.a,EBA_BAS,true,1999-01-01 00:00:00,9999-12-31 00:00:00
1661,DPM_BAS_CPS_EXC_MCY_AE_F36.01.a,EBA_CPS,true,1999-01-01 00:00:00,9999-12-31 00:00:00
1662,DPM_BAS_CPS_EXC_MCY_AE_F36.01.a,EBA_EXC,true,1999-01-01 00:00:00,9999-12-31 00:00:00
1663,DPM_BAS_CPS_EXC_MCY_AE_F36.01.a,EBA_MCY,true,1999-01-01 00:00:00,9999-12-31 00:00:00
1664,DPM_BAS_CPS_EXC_MCY_AE_F36.01.a,INSTTTNL_SCTR,false,1999-01-01 00:00:00,9999-12-31 00:00:00
1665,DPM_BAS_CPS_EXC_MCY_AE_F36.01.a,MLTLTRL_DVLPMNT_BNK_INDCTR,false,1999-01-01 00:00:00,9999-12-31 00:00:00
1666,DPM_BAS_CPS_EXC_MCY_AE_F36.01.a,PRTY_RL_TYP,false,1999-01-01 00:00:00,9999-12-31 00:00:00
1667,DPM_BAS_CPS_EXC_MCY_AE_F36.01.a,MN_DBTR_INDCTR,false,1999-01-01 00:00:00,9999-12-31 00:00:00
1668,DPM_BAS_CPS_EXC_MCY_AE_F36.01.a,TYP_INSTRMNT,false,1999-01-01 00:00:00,9999-12-31 00:00:00
1669,DPM_BAS_CPS_EXC_MCY_AE_F36.01.a,NGTBL_SCRTY_INDCTR,false,1999-01-01 00:00:00,9999-12-31 00:00:00
1670,DPM_BAS_CPS_EXC_MCY_AE_F36.01.a,RPYMNT_RGHTS,false,1999-01-01 00:00:00,9999-12-31 00:00:00
1671,DPM_MCG_AE,EBA_MCG,true,1999-01-01 00:00:00,9999-12-31 00:00:00
1672,DPM_LQA_AE_F36.01.c,EBA_LQA,true,1999-01-01 00:00:00,9999-12-31 00:00:00
1673,DPM_LQA_AE_F36.01.c,ELGBL_CNTRL_BNK_FNDNG,false,1999-01-01 00:00:00,9999-12-31 00:00:00
1674,DPM_CRA_AE,EBA_CRA,true,1999-01-01 00:00:00,9999-12-31 00:00:00
1675,DPM_BAS_CRA_AE_F35.00.c,EBA_BAS,true,1999-01-01 00:00:00,9999-12-31 00:00:00
1676,DPM_BAS_CRA_AE_F35.00.c,EBA_CRA,true,1999-01-01 00:00:00,9999-12-31 00:00:00
1677,DPM_ei207,EBA_ei207,true,1999-01-01 00:00:00,9999-12-31 00:00:00
1678,DPM_BAS_CPS_EXC_MCG_MCY_AE_F32.01,EBA_BAS,true,1999-01-01 00:00:00,9999-12-31 00:00:00
1679,DPM_BAS_CPS_EXC_MCG_MCY_AE_F32.01,EBA_EXC,true,1999-01-01 00:00:00,9999-12-31 00:00:00
1680,DPM_ATY_AE,EBA_ATY,true,1999-01-01 00:00:00,9999-12-31 00:00:00
1681,DPM_mi53,EBA_mi53,true,1999-01-01 00:00:00,9999-12-31 00:00:00
1682,DPM_mi53,CRRYNG_AMNT,false,1999-01-01 00:00:00,9999-12-31 00:00:00
1683,DPM_mi129,FV,false,1999-01-01 00:00:00,9999-12-31 00:00:00
1684,DPM_mi287,EBA_mi287,true,1999-01-01 00:00:00,9999-12-31 00:00:00
1685,DPM_mi287,NMNL_AMNT,false,1999-01-01 00:00:00,9999-12-31 00:00:00
1686,DPM_mi279,EBA_mi279,true,1999-01-01 00:00:00,9999-12-31 00:00:00
1687,DPM_mi296,EBA_mi296,true,1999-01-01 00:00:00,9999-12-31 00:00:00
1688,DPM_mi296,PRSNT_VL,false,1999-01-01 00:00:00,9999-12-31 00:00:00
1689,DPM_si292,EBA_mi292,true,1999-01-01 00:00:00,9999-12-31 00:00:00
1690,DPM_si292,EXCSS_CVRG_ASST_SPCFC_VL,false,1999-01-01 00:00:00,9999-12-31 00:00:00
1691,DPM_si295,EBA_mi295,true,1999-01-01 00:00:00,9999-12-31 00:00:00
1692,DPM_si297,EBA_mi297,true,1999-01-01 00:00:00,9999-12-31 00:00:00
1693,DPM_ei4,EBA_ei4,true,1999-01-01 00:00:00,9999-12-31 00:00:00
1694,DPM_BAS_CPS_EXC_MCG_MCY_AE_F32.01,EBA_MCG,true,1999-01-01 00:00:00,9999-12-31 00:00:00
1695,DPM_BAS_CPS_EXC_MCG_MCY_AE_F32.01,EBA_MCY,true,1999-01-01 00:00:00,9999-12-31 00:00:00
1696,DPM_RPR_AE,EBA_RPR,true,1999-01-01 00:00:00,9999-12-31 00:00:00
1697,DPM_RiadCode,EBA_Riad_Code,true,1999-01-01 00:00:00,9999-12-31 00:00:00
1698,DPM_Period,EBA_Reported_Period,true,1999-01-01 00:00:00,9999-12-31 00:00:00
1699,DPM_Period,DT_RFRNC,false,1999-01-01 00:00:00,9999-12-31 00:00:00
1700,DPM_BAS_CPS_EXC_MCG_MCY_AE_F32.01,EBA_CPS,true,1999-01-01 00:00:00,9999-12-31 00:00:00
1701,DPM_BAS_CPS_EXC_MCG_MCY_AE_F32.01,INSTTTNL_SCTR,false,1999-01-01 00:00:00,9999-12-31 00:00:00
1702,DPM_BAS_CPS_EXC_MCG_MCY_AE_F32.01,MLTLTRL_DVLPMNT_BNK_INDCTR,false,1999-01-01 00:00:00,9999-12-31 00:00:00
1703,DPM_BAS_CPS_EXC_MCG_MCY_AE_F32.01,PRTY_RL_TYP,false,1999-01-01 00:00:00,9999-12-31 00:00:00
1704,DPM_BAS_CPS_EXC_MCG_MCY_AE_F32.01,MN_DBTR_INDCTR,false,1999-01-01 00:00:00,9999-12-31 00:00:00
1705,DPM_BAS_CPS_EXC_MCG_MCY_AE_F32.01,TYP_INSTRMNT,false,1999-01-01 00:00:00,9999-12-31 00:00:00
1706,DPM_BAS_CPS_EXC_MCG_MCY_AE_F32.01,NGTBL_SCRTY_INDCTR,false,1999-01-01 00:00:00,9999-12-31 00:00:00
1707,DPM_BAS_CPS_EXC_MCG_MCY_AE_F32.01,RPYMNT_RGHTS,false,1999-01-01 00:00:00,9999-12-31 00:00:00
1708,DPM_BAS_CPS_EXC_MCG_MCY_AE_F32.01,FDCRY,false,1999-01-01 00:00:00,9999-12-31 00:00:00
1709,DPM_ENC_LQA_AE_F32.01,EBA_ENC,true,1999-01-01 00:00:00,9999-12-31 00:00:00
1710,DPM_ENC_LQA_AE_F32.01,EBA_LQA,true,1999-01-01 00:00:00,9999-12-31 00:00:00
1711,DPM_ENC_LQA_AE_F32.01,ENCMBRD_ASST_INDCTR,false,1999-01-01 00:00:00,9999-12-31 00:00:00
1712,DPM_ENC_LQA_AE_F32.01,ELGBL_CNTRL_BNK_FNDNG,false,1999-01-01 00:00:00,9999-12-31 00:00:00
1713,DPM_ENC_LQA_AE_F32.01,HQLA_INDCTR,false,1999-01-01 00:00:00,9999-12-31 00:00:00
1714,DPM_BAS_MCG_MCY_AE_F33.00.a,EBA_BAS,true,1999-01-01 00:00:00,9999-12-31 00:00:00
1715,DPM_BAS_MCG_MCY_AE_F33.00.a,EBA_MCY,true,1999-01-01 00:00:00,9999-12-31 00:00:00
1716,DPM_BAS_MCG_MCY_AE_F33.00.a,EBA_MCG,true,1999-01-01 00:00:00,9999-12-31 00:00:00
1717,DPM_BAS_MCG_MCY_AE_F33.00.a,CLLTRL_RS_INDCTR,false,1999-01-01 00:00:00,9999-12-31 00:00:00
1718,DPM_BAS_MCG_MCY_AE_F33.00.a,CLLTRL_INSTRMNT_RS_INDCTR,false,1999-01-01 00:00:00,9999-12-31 00:00:00
1719,DPM_ENC_AE,EBA_ENC,true,1999-01-01 00:00:00,9999-12-31 00:00:00
1720,DPM_ENC_AE,ENCMBRD_ASST_INDCTR,false,1999-01-01 00:00:00,9999-12-31 00:00:00
1721,DPM_EUT_AE,EBA_EUT,true,1999-01-01 00:00:00,9999-12-31 00:00:00
1722,DPM_EUT_AE,ASST_ENCMBRNC_RSDL_MTRTY_BND,false,1999-01-01 00:00:00,9999-12-31 00:00:00
1723,DPM_BAS_CPC_ECC_EXC_MCG_MCY_AE_F32.02.a,EBA_BAS,true,1999-01-01 00:00:00,9999-12-31 00:00:00
1724,DPM_BAS_CPC_ECC_EXC_MCG_MCY_AE_F32.02.a,EBA_ECC,true,1999-01-01 00:00:00,9999-12-31 00:00:00
1725,DPM_BAS_CPC_ECC_EXC_MCG_MCY_AE_F32.02.a,EBA_EXC,true,1999-01-01 00:00:00,9999-12-31 00:00:00
1726,DPM_BAS_CPC_ECC_EXC_MCG_MCY_AE_F32.02.a,EBA_MCG,true,1999-01-01 00:00:00,9999-12-31 00:00:00
1727,DPM_BAS_CPC_ECC_EXC_MCG_MCY_AE_F32.02.a,EBA_MCY,true,1999-01-01 00:00:00,9999-12-31 00:00:00
1728,DPM_BAS_CPC_ECC_EXC_MCG_MCY_AE_F32.02.a,EBA_CPC,true,1999-01-01 00:00:00,9999-12-31 00:00:00
1729,DPM_BAS_CPC_ECC_EXC_MCG_MCY_AE_F32.02.a,INSTTTNL_SCTR,false,1999-01-01 00:00:00,9999-12-31 00:00:00
1730,DPM_BAS_CPC_ECC_EXC_MCG_MCY_AE_F32.02.a,MLTLTRL_DVLPMNT_BNK_INDCTR,false,1999-01-01 00:00:00,9999-12-31 00:00:00
1731,DPM_BAS_CPC_ECC_EXC_MCG_MCY_AE_F32.02.a,PRTY_RL_TYP,false,1999-01-01 00:00:00,9999-12-31 00:00:00
1732,DPM_BAS_CPC_ECC_EXC_MCG_MCY_AE_F32.02.a,MN_DBTR_INDCTR,false,1999-01-01 00:00:00,9999-12-31 00:00:00
1733,DPM_BAS_CPC_ECC_EXC_MCG_MCY_AE_F32.02.a,TYP_INSTRMNT,false,1999-01-01 00:00:00,9999-12-31 00:00:00
1734,DPM_BAS_CPC_ECC_EXC_MCG_MCY_AE_F32.02.a,NGTBL_SCRTY_INDCTR,false,1999-01-01 00:00:00,9999-12-31 00:00:00
1735,DPM_BAS_CPC_ECC_EXC_MCG_MCY_AE_F32.02.a,RPYMNT_RGHTS,false,1999-01-01 00:00:00,9999-12-31 00:00:00
1736,DPM_BAS_CPC_ECC_EXC_MCG_MCY_AE_F32.02.a,TYP_INSTRMNT_RL,false,1999-01-01 00:00:00,9999-12-31 00:00:00
1737,DPM_TMA_AE_F32.04b,EBA_TMA,true,1999-01-01 00:00:00,9999-12-31 00:00:00
1738,DPM_CPE_MCS_AE_F32.04.b,EBA_CPE,true,1999-01-01 00:00:00,9999-12-31 00:00:00
1739,DPM_CPE_MCS_AE_F32.04.b,EBA_MCS,true,1999-01-01 00:00:00,9999-12-31 00:00:00
1740,DPM_CPE_MCS_AE_F32.04.b,SRC_ENCMBRNC,false,1999-01-01 00:00:00,9999-12-31 00:00:00
1741,DPM_BAS_MCS_MCY_AE_F35.00.a,EBA_BAS,true,1999-01-01 00:00:00,9999-12-31 00:00:00
1742,DPM_BAS_MCS_MCY_AE_F35.00.a,EBA_MCY,true,1999-01-01 00:00:00,9999-12-31 00:00:00
1743,DPM_BAS_MCS_MCY_AE_F35.00.a,EBA_MCS,true,1999-01-01 00:00:00,9999-12-31 00:00:00
1744,DPM_BAS_MCS_MCY_AE_F35.00.a,TYP_ACCNTNG_ITM,false,1999-01-01 00:00:00,9999-12-31 00:00:00
1745,DPM_BAS_MCS_MCY_AE_F35.00.a,TYP_INSTRMNT,false,1999-01-01 00:00:00,9999-12-31 00:00:00
1746,DPM_BAS_MCS_MCY_AE_F35.00.a,NGTBL_SCRTY_INDCTR,false,1999-01-01 00:00:00,9999-12-31 00:00:00
1747,DPM_BAS_MCS_MCY_AE_F35.00.a,SRC_ENCMBRNC,false,1999-01-01 00:00:00,9999-12-31 00:00:00
1748,DPM_BAS_MCY_AE_F32.02.b,EBA_BAS,true,1999-01-01 00:00:00,9999-12-31 00:00:00
1749,DPM_BAS_MCY_AE_F32.02.b,EBA_MCY,true,1999-01-01 00:00:00,9999-12-31 00:00:00
1750,DPM_BAS_MCY_AE_F32.02.b,TYP_INSTRMNT_RL,false,1999-01-01 00:00:00,9999-12-31 00:00:00
1751,DPM_CUS_AE,EBA_CUS,true,1999-01-01 00:00:00,9999-12-31 00:00:00
1752,DPM_CSC_AE,EBA_CSC,true,1999-01-01 00:00:00,9999-12-31 00:00:00
1753,DPM_BAS_AE_F32.03.a,EBA_BAS,true,1999-01-01 00:00:00,9999-12-31 00:00:00
1754,DPM_BAS_AE_F32.03.a,TYP_ACCNTNG_ITM,false,1999-01-01 00:00:00,9999-12-31 00:00:00
1755,DPM_MCS_MCY_SST_AE_F32.03.a,EBA_MCY,true,1999-01-01 00:00:00,9999-12-31 00:00:00
1756,DPM_MCS_MCY_SST_AE_F32.03.a,EBA_MCS,true,1999-01-01 00:00:00,9999-12-31 00:00:00
1757,DPM_MCS_MCY_SST_AE_F32.03.a,EBA_SST,true,1999-01-01 00:00:00,9999-12-31 00:00:00
1758,DPM_MCS_MCY_SST_AE_F32.03.a,TYP_INSTRMNT,false,1999-01-01 00:00:00,9999-12-31 00:00:00
1759,DPM_MCS_MCY_SST_AE_F32.03.a,NGTBL_SCRTY_INDCTR,false,1999-01-01 00:00:00,9999-12-31 00:00:00
1760,DPM_MCS_MCY_SST_AE_F32.03.a,TYP_INSTRMNT_RL,false,1999-01-01 00:00:00,9999-12-31 00:00:00
1761,DPM_MCS_MCY_SST_AE_F32.03.a,SRC_ENCMBRNC,false,1999-01-01 00:00:00,9999-12-31 00:00:00
1762,DPM_BAS_EXC_MCY_AE_F32.04.b,EBA_BAS,true,1999-01-01 00:00:00,9999-12-31 00:00:00
1763,DPM_BAS_EXC_MCY_AE_F32.04.b,EBA_EXC,true,1999-01-01 00:00:00,9999-12-31 00:00:00
1764,DPM_BAS_EXC_MCY_AE_F32.04.b,EBA_MCY,true,1999-01-01 00:00:00,9999-12-31 00:00:00
1765,DPM_BAS_EXC_MCY_AE_F32.04.b,TYP_INSTRMNT,false,1999-01-01 00:00:00,9999-12-31 00:00:00
1766,DPM_BAS_EXC_MCY_AE_F32.04.b,NGTBL_SCRTY_INDCTR,false,1999-01-01 00:00:00,9999-12-31 00:00:00